code,date,close,prob,prob_std,name,group
600900,2026-08-26,28.24,0.5892194271556488,0.03960829537628394,长江电力,Q5_buy
600000,2026-08-26,9.21,0.5776946711845963,0.024643177722179364,浦发银行,Q5_buy
688041,2026-08-26,230.96,0.5503964508461954,0.01874633014428489,海光信息,Q5_buy
002179,2026-08-26,33.37,0.5428728365404121,0.05069818038210251,中航光电,Q5_buy
601166,2026-08-26,18.21,0.5421940348001105,0.026412743252349727,兴业银行,Q5_buy
002311,2026-08-26,44.67,0.5389736457760914,0.04186401709258201,海大集团,Q5_buy
000166,2026-08-26,4.56,0.537230314521029,0.016963668276215347,申万宏源,Q5_buy
603501,2026-08-26,84.0,0.5349807947989395,0.05240416994405246,豪威集团,Q5_buy
601211,2026-08-26,17.85,0.530317841919104,0.03683827296635457,国泰海通,Q5_buy
600031,2026-08-26,18.86,0.5290651380107583,0.024366152374658143,三一重工,Q5_buy
300413,2026-08-26,14.11,0.5204709053475903,0.03871878222679911,芒果超媒,Q5_buy
600018,2026-08-26,5.27,0.5121255092508968,0.0253059404140416,上港集团,Q5_buy
601100,2026-08-26,97.15,0.5108350386150604,0.03555130397559161,恒立液压,Q5_buy
600741,2026-08-26,15.42,0.503622423333068,0.018312145226118105,华域汽车,Q5_buy
601238,2026-08-26,5.25,0.4994324157052663,0.049220263787925864,广汽集团,Q5_buy
600011,2026-08-26,6.73,0.49327265029326245,0.026689267731199902,华能国际,Q5_buy
603019,2026-08-26,84.25,0.49249928331206666,0.04159732674581919,中科曙光,Q5_buy
601225,2026-08-26,26.35,0.49157779612458097,0.015639122471045416,陕西煤业,Q5_buy
600415,2026-08-26,12.31,0.48553768636031863,0.0024874556988650374,小商品城,Q5_buy
603259,2026-08-26,159.25,0.4855372221154267,0.002111797028895578,药明康德,Q5_buy
300015,2026-08-26,8.53,0.4848043594937644,0.0019399694569065243,爱尔眼科,Q5_buy
601881,2026-08-26,12.25,0.4845293837343182,0.007344722191286788,中国银河,Q5_buy
600989,2026-08-26,23.11,0.4844259633772099,0.0020633584575124506,宝丰能源,Q5_buy
601818,2026-08-26,3.09,0.4843076390013829,0.01039321926833606,光大银行,Q5_buy
000963,2026-08-26,27.31,0.48415593231496584,0.024553987059373564,华东医药,Q5_buy
001965,2026-08-26,9.81,0.4834506841655406,0.0022512854270795575,招商公路,Q5_buy
601390,2026-08-26,4.46,0.4829177993515558,0.023676286762780954,中国中铁,Q5_buy
300498,2026-08-26,13.9,0.48291537724945705,0.003338699120614096,温氏股份,Q5_buy
601058,2026-08-26,13.94,0.48270636659230476,0.0016924195114689095,赛轮轮胎,Q5_buy
300251,2026-08-26,10.91,0.48219497849611404,0.0019138722907331293,光线传媒,Q5_buy
600803,2026-08-26,17.44,0.48209394201428385,0.0020087502846961977,新奥股份,Q5_buy
603993,2026-08-26,19.59,0.48050066211332865,0.029860163164699013,洛阳钼业,Q5_buy
600089,2026-08-26,19.26,0.4792265192343149,0.03655159421553336,特变电工,Q5_buy
600196,2026-08-26,22.86,0.47664061452530876,0.027931332970011827,复星医药,Q5_buy
600426,2026-08-26,20.4,0.4755582914542937,0.022109029646419875,华鲁恒升,Q5_buy
000858,2026-08-26,71.9,0.4731155523419687,0.04016950741343957,五 粮 液,Q5_buy
601669,2026-08-26,4.68,0.4728744224336902,0.01785346901266747,中国电建,Q5_buy
601658,2026-08-26,5.08,0.472733717617091,0.03516776437569008,邮储银行,Q5_buy
601788,2026-08-26,14.57,0.47245759182709657,0.02115334990772777,光大证券,Q5_buy
000768,2026-08-26,20.72,0.47205312508302316,0.04049022974169688,中航西飞,Q5_buy
002736,2026-08-26,10.18,0.47165451451108176,0.03423998476084667,国信证券,Q5_buy
600886,2026-08-26,14.05,0.4700214285383783,0.02526842653389179,国投电力,Q5_buy
601607,2026-08-26,16.42,0.46934966221505064,0.044478554276342286,上海医药,Q5_buy
000568,2026-08-26,82.72,0.46819409200282763,0.026210184287049635,泸州老窖,Q5_buy
601898,2026-08-26,14.59,0.4673919257651166,0.02986174379200887,中煤能源,Q5_buy
000708,2026-08-26,14.06,0.46715244664464095,0.04053409012833209,中信特钢,Q5_buy
000001,2026-08-26,11.73,0.46341222506386853,0.023979081515828192,平安银行,Q5_buy
000596,2026-08-26,92.18,0.46326639999235125,0.031324593056848676,古井贡酒,Q5_buy
000617,2026-08-26,7.35,0.4605841595976628,0.0215004782415986,中油资本,Q5_buy
002916,2026-08-26,348.03,0.46009313848229244,0.028376998533887508,深南电路,Q5_buy
300999,2026-08-26,25.76,0.45914834012127465,0.03724247743423154,金龙鱼,Q5_buy
600030,2026-08-26,27.77,0.45846959526715203,0.0275963653899903,中信证券,Q5_buy
601668,2026-08-26,4.48,0.4583655820269536,0.015555645912156598,中国建筑,Q5_buy
688009,2026-08-26,5.03,0.45769410609646427,0.03050778406787498,中国通号,Q5_buy
600016,2026-08-26,3.52,0.4558146265730901,0.02354364501318221,民生银行,Q5_buy
600795,2026-08-26,5.23,0.4557966357952085,0.026481071330496576,国电电力,Q5_buy
601688,2026-08-26,19.14,0.45514406138942826,0.019575969052594955,华泰证券,Q5_buy
300122,2026-08-26,14.17,0.45479752901537623,0.04871440224709222,智飞生物,Q5_buy
600104,2026-08-26,10.39,0.4543077024803294,0.02215809041591192,上汽集团,Q5_buy
002600,2026-08-26,12.25,0.45186405453126405,0.02303919828923716,领益智造,Q5_buy
600029,2026-08-26,5.08,0.4517035173983345,0.028391357080211295,南方航空,hold
600999,2026-08-26,18.58,0.45143813891968626,0.019226554501101466,招商证券,hold
688008,2026-08-26,201.0,0.4492968056666658,0.029329844791179317,澜起科技,hold
300033,2026-08-26,223.09,0.4477778427748466,0.03881739422685059,同花顺,hold
600066,2026-08-26,30.4,0.44595220924792006,0.03050530350595493,宇通客车,hold
601995,2026-08-26,34.55,0.4456765792226517,0.029631283306599216,中金公司,hold
688183,2026-08-26,106.45,0.4449545720690754,0.047119710173922684,生益电子,hold
002001,2026-08-26,26.46,0.4440935864619581,0.04718027863607767,新和成,hold
601985,2026-08-26,8.92,0.4438362373807772,0.026001888570214095,中国核电,hold
601800,2026-08-26,6.02,0.44273006573019896,0.014256802594871679,中国交建,hold
601336,2026-08-26,60.98,0.4426637567504884,0.032722589546182276,新华保险,hold
300502,2026-08-26,398.78,0.44208771091216775,0.034036344106280404,新易盛,hold
601186,2026-08-26,6.12,0.4416639921507146,0.02451396200765627,中国铁建,hold
601328,2026-08-26,7.17,0.4411173579750917,0.02578716674044362,交通银行,hold
603296,2026-08-26,77.19,0.4401855137492387,0.057777415715373884,华勤技术,hold
601088,2026-08-26,47.26,0.43950278629898115,0.025034333906480397,中国神华,hold
600233,2026-08-26,16.95,0.4393638805845529,0.022232221592988363,圆通速递,hold
601872,2026-08-26,18.38,0.43765104580081593,0.02244747494439987,招商轮船,hold
600600,2026-08-26,51.54,0.4367341007130775,0.028118514807088674,青岛啤酒,hold
601006,2026-08-26,4.79,0.43504359733641745,0.026166598814578883,大秦铁路,hold
601066,2026-08-26,25.27,0.4346210226669567,0.02998794505392702,中信建投,hold
600015,2026-08-26,6.77,0.43384366091557325,0.02608268442663667,华夏银行,hold
002625,2026-08-26,28.07,0.4325365885280266,0.046836174814197586,光启技术,hold
000776,2026-08-26,21.18,0.43220711792025457,0.02333029295591304,广发证券,hold
002352,2026-08-26,33.58,0.43185699116125714,0.015004381309752332,顺丰控股,hold
601319,2026-08-26,7.24,0.4315468373162408,0.025274313322451582,中国人保,hold
601633,2026-08-26,15.42,0.43078407153295933,0.035376807418737694,长城汽车,hold
600085,2026-08-26,24.45,0.43054964109199884,0.03095285835929894,同仁堂,hold
600674,2026-08-26,15.69,0.43021980073536625,0.03100205215155955,川投能源,hold
601919,2026-08-26,16.99,0.43020816365392894,0.03367709364173748,中远海控,hold
688271,2026-08-26,105.8,0.42949691344126967,0.008161961921991525,联影医疗,hold
601318,2026-08-26,56.13,0.4292982470241537,0.04477496593298478,中国平安,hold
600875,2026-08-26,25.76,0.4291965180485198,0.016008483209728492,东方电气,hold
600809,2026-08-26,117.09,0.428554137205936,0.02877277322757205,山西汾酒,hold
601728,2026-08-26,6.42,0.42813184414133676,0.02376737991246589,中国电信,hold
000999,2026-08-26,24.45,0.42784115865391986,0.0318903519731255,华润三九,hold
600039,2026-08-26,8.68,0.42748992335017894,0.0195585584117836,四川路桥,hold
600372,2026-08-26,10.96,0.4274425881988607,0.05307803130702674,中航机载,hold
000157,2026-08-26,7.08,0.42738261508029807,0.06325641851983972,中联重科,hold
600482,2026-08-26,32.09,0.4254904495314488,0.030901801196936064,中国动力,hold
001280,2026-08-26,69.27,0.42511028055989025,0.04405791793363245,中国铀业,hold
601601,2026-08-26,31.98,0.424720556545039,0.02431593205109831,中国太保,hold
688506,2026-08-26,269.18,0.42449347798607906,0.11447352590049022,百利天恒,hold
000425,2026-08-26,8.0,0.423466996081517,0.03949279134250639,徐工机械,hold
601816,2026-08-26,4.93,0.42328752123732605,0.02475110864492377,京沪高铁,hold
001979,2026-08-26,7.29,0.42310894327031445,0.03788456880577317,招商蛇口,hold
603799,2026-08-26,39.97,0.42224481852962237,0.0444629299023245,华友钴业,hold
002049,2026-08-26,61.59,0.4222267086214121,0.031209109556895466,紫光国微,hold
600549,2026-08-26,52.62,0.4212597478681008,0.03282155781100657,厦门钨业,hold
600026,2026-08-26,18.57,0.42108302466250597,0.02394302516455855,中远海能,hold
002422,2026-08-26,43.64,0.42042384951705053,0.021281628938680568,科伦药业,hold
601117,2026-08-26,7.58,0.42022012694684896,0.02320425946971398,中国化学,hold
600919,2026-08-26,12.16,0.41953194203819255,0.02896499266271896,江苏银行,hold
600188,2026-08-26,21.6,0.41947875246968547,0.03207207342586797,兖矿能源,hold
002142,2026-08-26,34.04,0.4183035409434302,0.029163781112001942,宁波银行,hold
002304,2026-08-26,39.91,0.41821108393716105,0.029432299026898,洋河股份,hold
000625,2026-08-26,7.14,0.4179525518204059,0.037198135507411974,长安汽车,hold
002202,2026-08-26,18.61,0.41603919605775275,0.031214898569812115,金风科技,hold
601021,2026-08-26,44.31,0.4141645345015519,0.02488056827409488,春秋航空,hold
300476,2026-08-26,249.44,0.41391792534081556,0.057511088556319985,胜宏科技,hold
600460,2026-08-26,33.07,0.4125896815495492,0.03702819191058317,士兰微,hold
600489,2026-08-26,26.43,0.41212644640221985,0.016572952448768805,中金黄金,hold
300014,2026-08-26,55.9,0.41170398365041505,0.016964791572768412,亿纬锂能,hold
601998,2026-08-26,8.65,0.4103785469529727,0.025482957280842856,中信银行,hold
601018,2026-08-26,3.49,0.4100513820178921,0.0429975140026042,宁波港,hold
601059,2026-08-26,16.75,0.40966332496518604,0.03153141798028104,信达证券,hold
600061,2026-08-26,6.48,0.40804009947180525,0.03775253752356487,国投资本,hold
601868,2026-08-26,2.53,0.4076915173353057,0.022894421012169416,中国能建,hold
000975,2026-08-26,27.37,0.4071970321089554,0.02700097460298236,山金国际,hold
600760,2026-08-26,44.87,0.40688488557690317,0.0486233645366594,中航沈飞,hold
600515,2026-08-26,2.82,0.40671098101183845,0.03478337713830227,海南机场,hold
600036,2026-08-26,39.8,0.4058248423718836,0.029785352201091426,招商银行,hold
601727,2026-08-26,6.61,0.40529045766865884,0.035647704379650466,上海电气,hold
601628,2026-08-26,38.58,0.404955182180652,0.031126379679505472,中国人寿,hold
601878,2026-08-26,9.33,0.4048941384589142,0.017589875950873628,浙商证券,hold
600027,2026-08-26,4.65,0.4046810794824281,0.03801525280082304,华电国际,hold
605499,2026-08-26,121.3,0.404510557325173,0.02969384400238889,东鹏饮料,hold
600918,2026-08-26,5.8,0.403701193011263,0.04379930701616823,中泰证券,hold
601901,2026-08-26,6.82,0.40304997304911155,0.023162225567771835,方正证券,hold
002028,2026-08-26,170.49,0.4024955418222527,0.037437576919987975,思源电气,hold
600025,2026-08-26,9.76,0.4017576533764591,0.023142661428057137,华能水电,hold
000538,2026-08-26,50.25,0.4010798727593227,0.028240446357443477,云南白药,hold
601689,2026-08-26,46.6,0.4009412872284295,0.03018409140001526,拓普集团,hold
600019,2026-08-26,5.89,0.40072384538439937,0.027155744195441818,宝钢股份,hold
002074,2026-08-26,27.89,0.4005087641144942,0.044473371831677405,国轩高科,hold
600111,2026-08-26,40.07,0.40004962200007005,0.023263008439777036,北方稀土,hold
300832,2026-08-26,51.55,0.39968012809519154,0.0307894513206094,新产业,hold
601899,2026-08-26,34.47,0.3987322035403107,0.05201490607164508,紫金矿业,hold
000988,2026-08-26,103.8,0.39805275395481166,0.048096301475818094,华工科技,hold
600346,2026-08-26,18.29,0.3969302781856637,0.018097347340240846,恒力石化,hold
600660,2026-08-26,57.2,0.39589236850734333,0.09030618121866447,福耀玻璃,hold
600584,2026-08-26,73.62,0.3951190141479778,0.022336392736506047,长电科技,hold
002493,2026-08-26,13.76,0.39446902561153585,0.018420506122288387,荣盛石化,hold
601127,2026-08-26,50.61,0.39419225110253414,0.025539257114096253,赛力斯,hold
601916,2026-08-26,2.97,0.39381521401889513,0.024189364648943723,浙商银行,hold
003816,2026-08-26,4.14,0.3925244371952867,0.025173605776230856,中国广核,hold
000338,2026-08-26,27.03,0.3924567874027061,0.03442346462137263,潍柴动力,hold
601360,2026-08-26,8.67,0.3889943550149483,0.04265160108325338,三六零,hold
300124,2026-08-26,61.9,0.38878219290263866,0.0192209121523335,汇川技术,hold
601600,2026-08-26,9.59,0.3878860183200527,0.038251833465983286,中国铝业,hold
000895,2026-08-26,25.07,0.38603893420241064,0.023409075830909266,双汇发展,hold
601169,2026-08-26,5.18,0.384893194483649,0.03208083620366477,北京银行,hold
300059,2026-08-26,19.36,0.38458706154736105,0.04535192300167974,东方财富,hold
601456,2026-08-26,8.88,0.38452211913578366,0.003881802795723953,国联民生,hold
002532,2026-08-26,12.8,0.384013684993846,0.03233843881318969,天山铝业,hold
601888,2026-08-26,53.08,0.3838409177706585,0.022308268685900873,中国中免,hold
600309,2026-08-26,74.49,0.38162331840680547,0.03955029627359296,万华化学,hold
600547,2026-08-26,34.49,0.3807169449430236,0.02927343161724415,山东黄金,hold
601111,2026-08-26,5.96,0.3807001552567031,0.025490636574704788,中国国航,hold
600887,2026-08-26,26.1,0.3785543840893975,0.04090145506541248,伊利股份,hold
601377,2026-08-26,5.93,0.37845294074891506,0.0391251441948826,兴业证券,hold
600690,2026-08-26,21.15,0.37758148149539167,0.06272891953531547,海尔智家,hold
600905,2026-08-26,3.74,0.37755144222908266,0.028396624426946206,三峡能源,hold
603392,2026-08-26,30.91,0.3765230192558417,0.036181386931000446,万泰生物,hold
600050,2026-08-26,4.31,0.37649139946025817,0.03502071322191859,中国联通,hold
300803,2026-08-26,83.18,0.3754120567813949,0.03862076221251834,指南针,hold
600160,2026-08-26,38.15,0.37426759193997255,0.03655403241106477,巨化股份,hold
601009,2026-08-26,11.72,0.3727601197043064,0.043664904676508604,南京银行,hold
002371,2026-08-26,700.7,0.37249429937113504,0.04202912001437936,北方华创,hold
601136,2026-08-26,14.09,0.3712317572621539,0.05296278483131831,首创证券,hold
000630,2026-08-26,6.75,0.3712170626368249,0.034059096473502935,铜陵有色,hold
600276,2026-08-26,46.74,0.3705202481176503,0.041099454873338964,恒瑞医药,hold
300316,2026-08-26,43.47,0.3698905392233591,0.044192425740752585,晶盛机电,hold
600023,2026-08-26,4.95,0.3691612982933918,0.03506440401557674,浙能电力,hold
301165,2026-08-26,115.06,0.3688522121494017,0.03417054477757232,锐捷网络,hold
603369,2026-08-26,28.1,0.3686476750419708,0.06228654709501089,今世缘,hold
000792,2026-08-26,28.15,0.36848849982826104,0.05082643870264852,盐湖股份,hold
601877,2026-08-26,25.97,0.3682967416732655,0.0530331313058761,正泰电器,hold
002920,2026-08-26,86.11,0.3643798023955637,0.021216513259581203,德赛西威,hold
002938,2026-08-26,87.3,0.36418308212944017,0.03927339911743475,鹏鼎控股,hold
601838,2026-08-26,18.79,0.36344555536640916,0.024386545457310466,成都银行,hold
002466,2026-08-26,47.56,0.36267729889227135,0.04262456469969542,天齐锂业,hold
002027,2026-08-26,4.98,0.3621739148408643,0.03389189820618569,分众传媒,hold
688036,2026-08-26,57.82,0.36205750724209756,0.03888536102162163,传音控股,hold
002463,2026-08-26,119.22,0.36048893571658513,0.03205868452242486,沪电股份,hold
601825,2026-08-26,8.97,0.35788389222597966,0.03822398219542568,沪农商行,hold
002602,2026-08-26,13.95,0.35669776128307185,0.028935609597359344,世纪华通,hold
000301,2026-08-26,13.13,0.35633260646502923,0.02963590443931606,东方盛虹,hold
300394,2026-08-26,253.58,0.35526434394721707,0.07058854119882561,天孚通信,hold
002353,2026-08-26,137.5,0.35262055238350837,0.0259901151326102,杰瑞股份,hold
601012,2026-08-26,12.28,0.3524016994634859,0.029685308139555777,隆基绿能,hold
601618,2026-08-26,2.64,0.35217911411076874,0.03125170954559746,中国中冶,hold
600930,2026-08-26,4.0,0.35209779370334715,0.03558470010498934,华电新能,hold
600183,2026-08-26,130.01,0.35073237467551405,0.04503545509528285,生益科技,hold
300896,2026-08-26,93.84,0.3489132675389887,0.03295705189290352,爱美客,hold
688223,2026-08-26,4.4,0.34682790848987166,0.04854780664818838,晶科能源,hold
000977,2026-08-26,73.79,0.34646758186265914,0.03452908381227261,浪潮信息,hold
601988,2026-08-26,6.2,0.3458471255122074,0.030712979450187455,中国银行,hold
601229,2026-08-26,9.72,0.3453141151027767,0.02218430583023491,上海银行,hold
002558,2026-08-26,26.58,0.3444810664706726,0.02609383327192075,巨人网络,hold
600893,2026-08-26,36.7,0.3428766633169314,0.02453052187326311,航发动力,hold
600958,2026-08-26,9.13,0.34148160720487375,0.04013453521046442,东方证券,hold
300418,2026-08-26,39.7,0.3403389705537648,0.049687879700161315,昆仑万维,hold
300274,2026-08-26,112.62,0.34018847267148583,0.07203327645922218,阳光电源,hold
000807,2026-08-26,26.35,0.3394052030840263,0.03555708358125824,云铝股份,hold
600176,2026-08-26,39.5,0.333422788825799,0.05473329068701585,中国巨石,hold
002709,2026-08-26,36.78,0.3326959980994714,0.06593540295968119,天赐材料,hold
300408,2026-08-26,108.69,0.33198497798594745,0.03547135646377986,三环集团,hold
603893,2026-08-26,176.18,0.3315581958807491,0.033583701371637305,瑞芯微,hold
600522,2026-08-26,33.41,0.33050456949119694,0.03676911180686828,中天科技,hold
600926,2026-08-26,16.8,0.33033797928935227,0.042819558308173,杭州银行,hold
300450,2026-08-26,33.6,0.3302408768023403,0.0517428929695704,先导智能,hold
301269,2026-08-26,94.3,0.32948161687317246,0.042664693553131086,华大九天,hold
688521,2026-08-26,180.5,0.3293604509534513,0.05679288024195719,芯原股份,hold
600115,2026-08-26,3.6,0.3286750435470537,0.04320032073437682,中国东航,hold
002230,2026-08-26,39.66,0.3278195484092065,0.012692571754532839,科大讯飞,hold
688082,2026-08-26,294.5,0.3256159053943932,0.05195314821323064,盛美上海,hold
603288,2026-08-26,35.93,0.3233875180466277,0.035363976254531124,海天味业,hold
603260,2026-08-26,33.79,0.3221522756329745,0.037078714517145,合盛硅业,hold
301236,2026-08-26,36.93,0.3216116708946238,0.038339007845268946,软通动力,hold
688981,2026-08-26,124.15,0.31911588745165703,0.04356179074314968,中芯国际,hold
600048,2026-08-26,5.26,0.31788333082982506,0.047615830562530465,保利发展,hold
600570,2026-08-26,21.61,0.3169104181635714,0.04606288401755854,恒生电子,hold
000002,2026-08-26,3.13,0.31476101067151446,0.024005731555860842,万科A,hold
601939,2026-08-26,10.67,0.31374320123833893,0.0355799294843004,建设银行,hold
688472,2026-08-26,10.25,0.3116222062122101,0.06010835154243518,阿特斯,hold
600941,2026-08-26,98.45,0.31020613724737334,0.048776243444198904,中国移动,hold
002648,2026-08-26,26.36,0.30962996584296515,0.015696822257461964,卫星化学,hold
300442,2026-08-26,62.33,0.3072423178621944,0.04039324445968144,润泽科技,hold
600585,2026-08-26,17.88,0.30654936363193414,0.05773788943204179,海螺水泥,hold
002050,2026-08-26,36.14,0.3063138945054549,0.023529791416998354,三花智控,Q1_avoid
002460,2026-08-26,53.5,0.3055051665489323,0.03508632227482891,赣锋锂业,Q1_avoid
000063,2026-08-26,33.54,0.3021499716924758,0.051795519327267656,中兴通讯,Q1_avoid
688303,2026-08-26,17.61,0.30123959290356134,0.03190650664215404,大全能源,Q1_avoid
601288,2026-08-26,6.86,0.3009285251491969,0.03136752292716158,农业银行,Q1_avoid
000938,2026-08-26,34.9,0.3004589083160813,0.036565089854577355,紫光股份,Q1_avoid
600010,2026-08-26,2.26,0.298728236552905,0.025133230020029956,包钢股份,Q1_avoid
000651,2026-08-26,41.58,0.2980783003056856,0.05476896601818224,格力电器,Q1_avoid
600845,2026-08-26,17.45,0.2970998853122992,0.0462697578462106,宝信软件,Q1_avoid
601766,2026-08-26,6.18,0.29674903184773466,0.05099590990255995,中国中车,Q1_avoid
300661,2026-08-26,113.51,0.2966345979996273,0.015313158525234662,圣邦股份,Q1_avoid
600436,2026-08-26,127.4,0.29582933945177686,0.017161905010956626,片仔癀,Q1_avoid
000725,2026-08-26,5.72,0.29307552478979054,0.022471640384692713,京东方A,Q1_avoid
688072,2026-08-26,675.06,0.2915585204707057,0.043526245339650285,拓荆科技,Q1_avoid
600219,2026-08-26,4.83,0.2909128652348801,0.037726436230915004,南山铝业,Q1_avoid
000657,2026-08-26,63.01,0.28918860161373494,0.01920392516429358,中钨高新,Q1_avoid
688126,2026-08-26,24.25,0.28843846292062525,0.035221213293296486,沪硅产业,Q1_avoid
300433,2026-08-26,39.02,0.28838916524874947,0.03559564951645082,蓝思科技,Q1_avoid
601698,2026-08-26,24.11,0.2854739303894855,0.05585124570996664,中国卫通,Q1_avoid
002714,2026-08-26,39.99,0.28269857146675703,0.03322130665934305,牧原股份,Q1_avoid
688012,2026-08-26,368.05,0.28138152076260237,0.03527791776610432,中微公司,Q1_avoid
300760,2026-08-26,161.05,0.28017717661862707,0.03597503736709009,迈瑞医疗,Q1_avoid
605117,2026-08-26,96.5,0.2781663063114503,0.04521013746370049,德业股份,Q1_avoid
600118,2026-08-26,60.2,0.2770323098702924,0.04349923484882164,中国卫星,Q1_avoid
600028,2026-08-26,5.33,0.27666039091794986,0.05521316823470934,中国石化,Q1_avoid
600362,2026-08-26,48.57,0.27227050531347413,0.03451356597944793,江西铜业,Q1_avoid
603986,2026-08-26,392.5,0.2713810688531686,0.04328658137437592,兆易创新,Q1_avoid
302132,2026-08-26,57.67,0.2681811376365829,0.03871975776928409,中航成飞,Q1_avoid
000100,2026-08-26,4.91,0.26479517702927385,0.03689459232544939,TCL科技,Q1_avoid
601398,2026-08-26,7.92,0.26459340931851505,0.029473303954370318,工商银行,Q1_avoid
600009,2026-08-26,23.58,0.2644878121658438,0.029659353648422395,上海机场,Q1_avoid
002475,2026-08-26,57.11,0.2595098145656633,0.04017480113743223,立讯精密,Q1_avoid
002384,2026-08-26,194.36,0.2562498414419711,0.0534281700339534,东山精密,Q1_avoid
001391,2026-08-26,4.16,0.2553135871511078,0.03071171641415462,国货航,Q1_avoid
300308,2026-08-26,850.9,0.2540815834352487,0.0347225652708591,中际旭创,Q1_avoid
000408,2026-08-26,79.29,0.2488931389041966,0.037520630608721725,藏格矿业,Q1_avoid
601138,2026-08-26,60.57,0.2484148149343572,0.02391326686257538,工业富联,Q1_avoid
600588,2026-08-26,10.06,0.24737038883002543,0.03960637946071584,用友网络,Q1_avoid
688111,2026-08-26,233.03,0.24361139929221998,0.02345606882811914,金山办公,Q1_avoid
688396,2026-08-26,57.8,0.2425454867003448,0.0343038102143389,华润微,Q1_avoid
002594,2026-08-26,92.09,0.2409685340307633,0.02172010587315598,比亚迪,Q1_avoid
002241,2026-08-26,23.82,0.23975989596051647,0.041693891707872695,歌尔股份,Q1_avoid
600438,2026-08-26,12.01,0.23940346169951157,0.042448765562034196,通威股份,Q1_avoid
300866,2026-08-26,124.89,0.23538587829895974,0.03079326290065353,安克创新,Q1_avoid
600150,2026-08-26,34.11,0.2308066183378111,0.028991861098589103,中国船舶,Q1_avoid
300750,2026-08-26,379.0,0.22786159618477048,0.03867918044412113,宁德时代,Q1_avoid
000333,2026-08-26,86.39,0.22579178760272672,0.051103057859231825,美的集团,Q1_avoid
002236,2026-08-26,16.23,0.22340344384230523,0.06665272287069177,大华股份,Q1_avoid
600519,2026-08-26,1302.8,0.2083997312520471,0.04994213657687403,贵州茅台,Q1_avoid
002837,2026-08-26,62.07,0.19776034497275072,0.01552027550019573,英维克,Q1_avoid
301308,2026-08-26,364.2,0.1937300807526697,0.05103976493342346,江波龙,Q1_avoid
601077,2026-08-26,6.89,0.1926926899462051,0.02234563238205133,渝农商行,Q1_avoid
688256,2026-08-26,1020.0,0.18982472466046255,0.035873614197862676,寒武纪,Q1_avoid
600938,2026-08-26,33.33,0.18975472396197168,0.05144672583269836,中国海油,Q1_avoid
300628,2026-08-26,40.28,0.18351321937765902,0.028515716477332625,亿联网络,Q1_avoid
600221,2026-08-26,1.31,0.1823247298595974,0.03426894984739736,海航控股,Q1_avoid
601857,2026-08-26,11.01,0.17875307089216758,0.025671716731886514,中国石油,Q1_avoid
688047,2026-08-26,103.01,0.1759826522001371,0.048140882193100476,龙芯中科,Q1_avoid
600406,2026-08-26,23.42,0.17015256278167673,0.036850283483675875,国电南瑞,Q1_avoid
002415,2026-08-26,34.78,0.13531324274990572,0.03032748982088629,海康威视,Q1_avoid
