code,date,close,prob,name,group
601288,2026-08-26,6.86,0.5733613603712103,农业银行,Q5_buy
600900,2026-08-26,28.24,0.5714685193306109,长江电力,Q5_buy
601939,2026-08-26,10.67,0.5712416202453213,建设银行,Q5_buy
600030,2026-08-26,27.77,0.5671788763628804,中信证券,Q5_buy
002920,2026-08-26,86.11,0.5551267403064346,德赛西威,Q5_buy
002049,2026-08-26,61.59,0.5405213275973348,紫光国微,Q5_buy
600219,2026-08-26,4.83,0.5394700022624977,南山铝业,Q5_buy
002311,2026-08-26,44.67,0.5381786069112506,海大集团,Q5_buy
601988,2026-08-26,6.2,0.5376175445195872,中国银行,Q5_buy
601633,2026-08-26,15.42,0.5373631778948875,长城汽车,Q5_buy
601899,2026-08-26,34.47,0.5359429155255215,紫金矿业,Q5_buy
000166,2026-08-26,4.56,0.5322072583361157,申万宏源,Q5_buy
601877,2026-08-26,25.97,0.5316991762417574,正泰电器,Q5_buy
601211,2026-08-26,17.85,0.5277418084102444,国泰海通,Q5_buy
601166,2026-08-26,18.21,0.5244951519751121,兴业银行,Q5_buy
000001,2026-08-26,11.73,0.5236575500987033,平安银行,Q5_buy
002179,2026-08-26,33.37,0.521916616454794,中航光电,Q5_buy
600036,2026-08-26,39.8,0.5181010276054652,招商银行,Q5_buy
600741,2026-08-26,15.42,0.5178915801078805,华域汽车,Q5_buy
688472,2026-08-26,10.25,0.5174074699326305,阿特斯,Q5_buy
688041,2026-08-26,230.96,0.5170415452812531,海光信息,Q5_buy
600104,2026-08-26,10.39,0.5151916141772914,上汽集团,Q5_buy
601398,2026-08-26,7.92,0.5141305678965006,工商银行,Q5_buy
688223,2026-08-26,4.4,0.5136852329635039,晶科能源,Q5_buy
600918,2026-08-26,5.8,0.5125520794093246,中泰证券,Q5_buy
600585,2026-08-26,17.88,0.5114627944622244,海螺水泥,Q5_buy
600031,2026-08-26,18.86,0.5111956675375379,三一重工,Q5_buy
603501,2026-08-26,84.0,0.5110994800775047,豪威集团,Q5_buy
002074,2026-08-26,27.89,0.5104316683837248,国轩高科,Q5_buy
601607,2026-08-26,16.42,0.5090308295535609,上海医药,Q5_buy
002625,2026-08-26,28.07,0.508622051403711,光启技术,Q5_buy
601838,2026-08-26,18.79,0.5075445230722927,成都银行,Q5_buy
601766,2026-08-26,6.18,0.5068666275592756,中国中车,Q5_buy
000596,2026-08-26,92.18,0.5057423704799681,古井贡酒,Q5_buy
000768,2026-08-26,20.72,0.5054804437783881,中航西飞,Q5_buy
000999,2026-08-26,24.45,0.5053468650640325,华润三九,Q5_buy
600000,2026-08-26,9.21,0.5051409526890583,浦发银行,Q5_buy
600015,2026-08-26,6.77,0.5036731077559389,华夏银行,Q5_buy
600018,2026-08-26,5.27,0.5029307395076302,上港集团,Q5_buy
601669,2026-08-26,4.68,0.5027460473963985,中国电建,Q5_buy
600426,2026-08-26,20.4,0.5026712600004217,华鲁恒升,Q5_buy
601919,2026-08-26,16.99,0.5016562808323867,中远海控,Q5_buy
300502,2026-08-26,398.78,0.5012237524954104,新易盛,Q5_buy
300896,2026-08-26,93.84,0.5008300124682157,爱美客,Q5_buy
600061,2026-08-26,6.48,0.5000173114987801,国投资本,Q5_buy
601225,2026-08-26,26.35,0.4998429966147879,陕西煤业,Q5_buy
603893,2026-08-26,176.18,0.4989889927577906,瑞芯微,Q5_buy
601878,2026-08-26,9.33,0.4989213604876406,浙商证券,Q5_buy
600795,2026-08-26,5.23,0.4987697360161652,国电电力,Q5_buy
600930,2026-08-26,4.0,0.4984435969214255,华电新能,Q5_buy
601825,2026-08-26,8.97,0.4942032085795384,沪农商行,Q5_buy
300999,2026-08-26,25.76,0.4940880645243471,金龙鱼,Q5_buy
600309,2026-08-26,74.49,0.49360011350216404,万华化学,Q5_buy
601336,2026-08-26,60.98,0.49303035385210875,新华保险,Q5_buy
002001,2026-08-26,26.46,0.4917714582962248,新和成,Q5_buy
002600,2026-08-26,12.25,0.49086754767477647,领益智造,Q5_buy
002736,2026-08-26,10.18,0.49064943144862827,国信证券,Q5_buy
600600,2026-08-26,51.54,0.48941533993847725,青岛啤酒,Q5_buy
600029,2026-08-26,5.08,0.4890740051227098,南方航空,Q5_buy
601328,2026-08-26,7.17,0.4886557427102572,交通银行,Q5_buy
601100,2026-08-26,97.15,0.4884123731792643,恒立液压,hold
600039,2026-08-26,8.68,0.488264665835078,四川路桥,hold
601881,2026-08-26,12.25,0.48774390317207333,中国银河,hold
601169,2026-08-26,5.18,0.48764244972745063,北京银行,hold
600009,2026-08-26,23.58,0.4866562378638546,上海机场,hold
600028,2026-08-26,5.33,0.4865430369751508,中国石化,hold
600886,2026-08-26,14.05,0.48590179573048864,国投电力,hold
000538,2026-08-26,50.25,0.4856931629742672,云南白药,hold
000708,2026-08-26,14.06,0.48547324092807576,中信特钢,hold
600089,2026-08-26,19.26,0.48500898803317255,特变电工,hold
000157,2026-08-26,7.08,0.48488775418042407,中联重科,hold
601058,2026-08-26,13.94,0.4847374609653848,赛轮轮胎,hold
300015,2026-08-26,8.53,0.4847374609653848,爱尔眼科,hold
300498,2026-08-26,13.9,0.4847374609653848,温氏股份,hold
001965,2026-08-26,9.81,0.4847374609653848,招商公路,hold
600803,2026-08-26,17.44,0.4847374609653848,新奥股份,hold
600989,2026-08-26,23.11,0.4847374609653848,宝丰能源,hold
601658,2026-08-26,5.08,0.4846351334187922,邮储银行,hold
601995,2026-08-26,34.55,0.48423456410997656,中金公司,hold
600489,2026-08-26,26.43,0.48276658825928204,中金黄金,hold
002466,2026-08-26,47.56,0.48251440289811215,天齐锂业,hold
603259,2026-08-26,159.25,0.4823614726176895,药明康德,hold
600415,2026-08-26,12.31,0.4823614726176895,小商品城,hold
300251,2026-08-26,10.91,0.4823614726176895,光线传媒,hold
601818,2026-08-26,3.09,0.4823517579168838,光大银行,hold
601800,2026-08-26,6.02,0.48196100535243624,中国交建,hold
601788,2026-08-26,14.57,0.48176597346906225,光大证券,hold
601006,2026-08-26,4.79,0.48169524460955687,大秦铁路,hold
601377,2026-08-26,5.93,0.48149385215464324,兴业证券,hold
601390,2026-08-26,4.46,0.4814120631162342,中国中铁,hold
688506,2026-08-26,269.18,0.48139331119770745,百利天恒,hold
600887,2026-08-26,26.1,0.48126140441930926,伊利股份,hold
000975,2026-08-26,27.37,0.48119052246688804,山金国际,hold
300450,2026-08-26,33.6,0.48102108049608594,先导智能,hold
688303,2026-08-26,17.61,0.48075280294079764,大全能源,hold
603019,2026-08-26,84.25,0.48008040528313894,中科曙光,hold
601600,2026-08-26,9.59,0.47969612921025884,中国铝业,hold
000568,2026-08-26,82.72,0.47912410770156993,泸州老窖,hold
688183,2026-08-26,106.45,0.478217426798361,生益电子,hold
600372,2026-08-26,10.96,0.47792148554471753,中航机载,hold
600809,2026-08-26,117.09,0.4766342712497829,山西汾酒,hold
601689,2026-08-26,46.6,0.4754893572719736,拓普集团,hold
601898,2026-08-26,14.59,0.47548586855412855,中煤能源,hold
300832,2026-08-26,51.55,0.4754519926045167,新产业,hold
001391,2026-08-26,4.16,0.47535396634088745,国货航,hold
601601,2026-08-26,31.98,0.475193439578989,中国太保,hold
300413,2026-08-26,14.11,0.47507278959793625,芒果超媒,hold
688126,2026-08-26,24.25,0.4744893542216204,沪硅产业,hold
601901,2026-08-26,6.82,0.4743649500891335,方正证券,hold
600660,2026-08-26,57.2,0.4742215169110465,福耀玻璃,hold
600276,2026-08-26,46.74,0.47363253609572925,恒瑞医药,hold
002558,2026-08-26,26.58,0.47286911992918346,巨人网络,hold
002202,2026-08-26,18.61,0.47230404250913993,金风科技,hold
600010,2026-08-26,2.26,0.47199878427499725,包钢股份,hold
601088,2026-08-26,47.26,0.4710188924205345,中国神华,hold
600016,2026-08-26,3.52,0.4704746605643002,民生银行,hold
300316,2026-08-26,43.47,0.4701981439974432,晶盛机电,hold
002714,2026-08-26,39.99,0.46913265921364405,牧原股份,hold
600011,2026-08-26,6.73,0.4687176955364559,华能国际,hold
688271,2026-08-26,105.8,0.46829310607753205,联影医疗,hold
603369,2026-08-26,28.1,0.468007818727675,今世缘,hold
601229,2026-08-26,9.72,0.4678627563978612,上海银行,hold
601012,2026-08-26,12.28,0.46784665275936443,隆基绿能,hold
000425,2026-08-26,8.0,0.46769712942301184,徐工机械,hold
600760,2026-08-26,44.87,0.46768563182236694,中航沈飞,hold
601117,2026-08-26,7.58,0.4674215436169034,中国化学,hold
600233,2026-08-26,16.95,0.46735499331637786,圆通速递,hold
000963,2026-08-26,27.31,0.46720436549083477,华东医药,hold
002027,2026-08-26,4.98,0.46720322176057405,分众传媒,hold
600999,2026-08-26,18.58,0.467146237111245,招商证券,hold
600027,2026-08-26,4.65,0.4670057300354879,华电国际,hold
600926,2026-08-26,16.8,0.4665721867928778,杭州银行,hold
000792,2026-08-26,28.15,0.46645893033452535,盐湖股份,hold
002142,2026-08-26,34.04,0.46632213375747394,宁波银行,hold
000807,2026-08-26,26.35,0.4662481805846391,云铝股份,hold
001280,2026-08-26,69.27,0.4660721085128427,中国铀业,hold
000002,2026-08-26,3.13,0.4659221585978562,万科A,hold
600066,2026-08-26,30.4,0.4657979030202175,宇通客车,hold
688009,2026-08-26,5.03,0.4654596793813555,中国通号,hold
601136,2026-08-26,14.09,0.4651879624003866,首创证券,hold
600346,2026-08-26,18.29,0.463589660958983,恒力石化,hold
601021,2026-08-26,44.31,0.46309743150979005,春秋航空,hold
603288,2026-08-26,35.93,0.46242550339912136,海天味业,hold
002532,2026-08-26,12.8,0.4622344939009861,天山铝业,hold
000977,2026-08-26,73.79,0.46207533629844166,浪潮信息,hold
603260,2026-08-26,33.79,0.46147512944099295,合盛硅业,hold
601688,2026-08-26,19.14,0.46124885378552694,华泰证券,hold
600438,2026-08-26,12.01,0.4606788248450037,通威股份,hold
003816,2026-08-26,4.14,0.4606272619023916,中国广核,hold
601816,2026-08-26,4.93,0.4599668228931289,京沪高铁,hold
600919,2026-08-26,12.16,0.4595561929540892,江苏银行,hold
300433,2026-08-26,39.02,0.45931299731214126,蓝思科技,hold
300628,2026-08-26,40.28,0.45876866009514233,亿联网络,hold
001979,2026-08-26,7.29,0.4584388173010732,招商蛇口,hold
600875,2026-08-26,25.76,0.4574948552406129,东方电气,hold
601985,2026-08-26,8.92,0.4573714797415122,中国核电,hold
601319,2026-08-26,7.24,0.4570751708676501,中国人保,hold
000776,2026-08-26,21.18,0.4565696201944418,广发证券,hold
603993,2026-08-26,19.59,0.45642675345438694,洛阳钼业,hold
002352,2026-08-26,33.58,0.45625970828966034,顺丰控股,hold
300122,2026-08-26,14.17,0.4561040283617405,智飞生物,hold
600674,2026-08-26,15.69,0.4557048317144755,川投能源,hold
600026,2026-08-26,18.57,0.45522364387948344,中远海能,hold
601888,2026-08-26,53.08,0.4550731336644367,中国中免,hold
600188,2026-08-26,21.6,0.45495688733030215,兖矿能源,hold
600025,2026-08-26,9.76,0.4548411267308258,华能水电,hold
688036,2026-08-26,57.82,0.4545004563819833,传音控股,hold
000625,2026-08-26,7.14,0.45413384941040574,长安汽车,hold
600515,2026-08-26,2.82,0.4539528198097515,海南机场,hold
601009,2026-08-26,11.72,0.4538778746642365,南京银行,hold
600023,2026-08-26,4.95,0.45386146593562415,浙能电力,hold
600549,2026-08-26,52.62,0.4535071603309962,厦门钨业,hold
601059,2026-08-26,16.75,0.45346218986136877,信达证券,hold
601998,2026-08-26,8.65,0.45334943120861443,中信银行,hold
000617,2026-08-26,7.35,0.45241221226900585,中油资本,hold
600547,2026-08-26,34.49,0.4516660787868986,山东黄金,hold
300014,2026-08-26,55.9,0.45148002044345326,亿纬锂能,hold
603799,2026-08-26,39.97,0.4506474910846252,华友钴业,hold
603296,2026-08-26,77.19,0.4505036187695447,华勤技术,hold
300803,2026-08-26,83.18,0.45027998426731114,指南针,hold
002916,2026-08-26,348.03,0.4491830341610942,深南电路,hold
601238,2026-08-26,5.25,0.4489115164403141,广汽集团,hold
600085,2026-08-26,24.45,0.448745993693906,同仁堂,hold
300394,2026-08-26,253.58,0.44787208926071576,天孚通信,hold
600160,2026-08-26,38.15,0.4478513689294148,巨化股份,hold
000858,2026-08-26,71.9,0.4478434228196926,五 粮 液,hold
600019,2026-08-26,5.89,0.4476568281881296,宝钢股份,hold
601916,2026-08-26,2.97,0.44748492575369503,浙商银行,hold
002371,2026-08-26,700.7,0.446640509815488,北方华创,hold
600050,2026-08-26,4.31,0.44660593679415145,中国联通,hold
601728,2026-08-26,6.42,0.44612794874576056,中国电信,hold
601318,2026-08-26,56.13,0.44581575696209286,中国平安,hold
601727,2026-08-26,6.61,0.4452824958172807,上海电气,hold
600570,2026-08-26,21.61,0.4448842716355966,恒生电子,hold
601018,2026-08-26,3.49,0.4447438630085289,宁波港,hold
601668,2026-08-26,4.48,0.4446294940791929,中国建筑,hold
002648,2026-08-26,26.36,0.4442696701923551,卫星化学,hold
301269,2026-08-26,94.3,0.4441517090895701,华大九天,hold
603986,2026-08-26,392.5,0.44414981998710806,兆易创新,hold
605499,2026-08-26,121.3,0.44362579626867843,东鹏饮料,hold
600588,2026-08-26,10.06,0.44337762199531405,用友网络,hold
600690,2026-08-26,21.15,0.44257978501513207,海尔智家,hold
000301,2026-08-26,13.13,0.44095376434142647,东方盛虹,hold
000988,2026-08-26,103.8,0.44067096900286007,华工科技,hold
688396,2026-08-26,57.8,0.44058967941183685,华润微,hold
000895,2026-08-26,25.07,0.43966801116309284,双汇发展,hold
601628,2026-08-26,38.58,0.4390940388020771,中国人寿,hold
688256,2026-08-26,1020.0,0.4382333766138121,寒武纪,hold
002050,2026-08-26,36.14,0.43799149589250125,三花智控,hold
000725,2026-08-26,5.72,0.43791737384808854,京东方A,hold
601127,2026-08-26,50.61,0.4374243453567872,赛力斯,hold
300033,2026-08-26,223.09,0.43723062617422387,同花顺,hold
002938,2026-08-26,87.3,0.4371428395704468,鹏鼎控股,hold
600905,2026-08-26,3.74,0.43712506254962874,三峡能源,hold
000630,2026-08-26,6.75,0.43676686384553454,铜陵有色,hold
600196,2026-08-26,22.86,0.43665176602522215,复星医药,hold
600522,2026-08-26,33.41,0.4356918861471279,中天科技,hold
601872,2026-08-26,18.38,0.4356658976184082,招商轮船,hold
600460,2026-08-26,33.07,0.43537855706052353,士兰微,hold
600482,2026-08-26,32.09,0.4350410387302947,中国动力,hold
601111,2026-08-26,5.96,0.43486297217374986,中国国航,hold
601868,2026-08-26,2.53,0.4339232012791742,中国能建,hold
600893,2026-08-26,36.7,0.4339140410900681,航发动力,hold
600436,2026-08-26,127.4,0.43274530808691897,片仔癀,hold
002460,2026-08-26,53.5,0.4305663315219298,赣锋锂业,hold
301308,2026-08-26,364.2,0.4305521949449406,江波龙,hold
601066,2026-08-26,25.27,0.43030017554897415,中信建投,hold
601456,2026-08-26,8.88,0.4302398832130583,国联民生,hold
601698,2026-08-26,24.11,0.43016343554365705,中国卫通,hold
603392,2026-08-26,30.91,0.42890343829483496,万泰生物,hold
600115,2026-08-26,3.6,0.42800782818185523,中国东航,hold
301165,2026-08-26,115.06,0.4268753205627668,锐捷网络,hold
000100,2026-08-26,4.91,0.4265781531732704,TCL科技,hold
002353,2026-08-26,137.5,0.4265172601760468,杰瑞股份,hold
688981,2026-08-26,124.15,0.42645169426252505,中芯国际,hold
300418,2026-08-26,39.7,0.42594086302237305,昆仑万维,hold
300059,2026-08-26,19.36,0.4254237843667718,东方财富,hold
002493,2026-08-26,13.76,0.4253083509318338,荣盛石化,hold
600150,2026-08-26,34.11,0.42476729196463153,中国船舶,hold
300274,2026-08-26,112.62,0.42203918546496527,阳光电源,hold
600221,2026-08-26,1.31,0.420739322078711,海航控股,Q1_avoid
300442,2026-08-26,62.33,0.4185211332322723,润泽科技,Q1_avoid
301236,2026-08-26,36.93,0.4172337204037051,软通动力,Q1_avoid
600111,2026-08-26,40.07,0.4165047552871608,北方稀土,Q1_avoid
302132,2026-08-26,57.67,0.4160299133395639,中航成飞,Q1_avoid
688521,2026-08-26,180.5,0.4150478875755434,芯原股份,Q1_avoid
002422,2026-08-26,43.64,0.4137229810658426,科伦药业,Q1_avoid
300408,2026-08-26,108.69,0.41225772222638435,三环集团,Q1_avoid
000938,2026-08-26,34.9,0.41109501974297713,紫光股份,Q1_avoid
600048,2026-08-26,5.26,0.4108368897890651,保利发展,Q1_avoid
600176,2026-08-26,39.5,0.40986066385924613,中国巨石,Q1_avoid
688082,2026-08-26,294.5,0.4092615519318705,盛美上海,Q1_avoid
000408,2026-08-26,79.29,0.4080031380186976,藏格矿业,Q1_avoid
002241,2026-08-26,23.82,0.4065106986288508,歌尔股份,Q1_avoid
600845,2026-08-26,17.45,0.40623811575965346,宝信软件,Q1_avoid
002602,2026-08-26,13.95,0.4060078083620134,世纪华通,Q1_avoid
300661,2026-08-26,113.51,0.4031323999424576,圣邦股份,Q1_avoid
002028,2026-08-26,170.49,0.402350334617254,思源电气,Q1_avoid
688008,2026-08-26,201.0,0.4018248756091803,澜起科技,Q1_avoid
002304,2026-08-26,39.91,0.40138638285436923,洋河股份,Q1_avoid
300308,2026-08-26,850.9,0.40123312623820684,中际旭创,Q1_avoid
000651,2026-08-26,41.58,0.40104597167992717,格力电器,Q1_avoid
300866,2026-08-26,124.89,0.4004125095865989,安克创新,Q1_avoid
300476,2026-08-26,249.44,0.39944798570152534,胜宏科技,Q1_avoid
002709,2026-08-26,36.78,0.3983624549910742,天赐材料,Q1_avoid
600584,2026-08-26,73.62,0.39811046158066543,长电科技,Q1_avoid
300124,2026-08-26,61.9,0.3980731274756428,汇川技术,Q1_avoid
002594,2026-08-26,92.09,0.39780121384481026,比亚迪,Q1_avoid
002463,2026-08-26,119.22,0.39714100896849064,沪电股份,Q1_avoid
600183,2026-08-26,130.01,0.3966675063379413,生益科技,Q1_avoid
000338,2026-08-26,27.03,0.3957302587681753,潍柴动力,Q1_avoid
601186,2026-08-26,6.12,0.3936487252418217,中国铁建,Q1_avoid
601360,2026-08-26,8.67,0.3891137269715271,三六零,Q1_avoid
688111,2026-08-26,233.03,0.387646260244779,金山办公,Q1_avoid
600941,2026-08-26,98.45,0.38724144168075675,中国移动,Q1_avoid
600362,2026-08-26,48.57,0.386090609055694,江西铜业,Q1_avoid
002475,2026-08-26,57.11,0.38605087743731376,立讯精密,Q1_avoid
600118,2026-08-26,60.2,0.38434807377134556,中国卫星,Q1_avoid
601618,2026-08-26,2.64,0.3829500231867416,中国中冶,Q1_avoid
605117,2026-08-26,96.5,0.3826132461185763,德业股份,Q1_avoid
688012,2026-08-26,368.05,0.3821630904534556,中微公司,Q1_avoid
688047,2026-08-26,103.01,0.3733517837384533,龙芯中科,Q1_avoid
600938,2026-08-26,33.33,0.37316685665611043,中国海油,Q1_avoid
002236,2026-08-26,16.23,0.37280507872314744,大华股份,Q1_avoid
000657,2026-08-26,63.01,0.36743349115024987,中钨高新,Q1_avoid
002230,2026-08-26,39.66,0.36383359460930625,科大讯飞,Q1_avoid
688072,2026-08-26,675.06,0.35625772470682243,拓荆科技,Q1_avoid
000063,2026-08-26,33.54,0.35150087038476746,中兴通讯,Q1_avoid
600958,2026-08-26,9.13,0.34911886531903513,东方证券,Q1_avoid
000333,2026-08-26,86.39,0.34572849693542174,美的集团,Q1_avoid
300760,2026-08-26,161.05,0.34256738749038435,迈瑞医疗,Q1_avoid
002384,2026-08-26,194.36,0.3378825004844613,东山精密,Q1_avoid
300750,2026-08-26,379.0,0.31575568020202854,宁德时代,Q1_avoid
601077,2026-08-26,6.89,0.2866889943658488,渝农商行,Q1_avoid
601138,2026-08-26,60.57,0.28420078996106196,工业富联,Q1_avoid
601857,2026-08-26,11.01,0.27760339002615,中国石油,Q1_avoid
002837,2026-08-26,62.07,0.25237626213711445,英维克,Q1_avoid
600406,2026-08-26,23.42,0.251488327242556,国电南瑞,Q1_avoid
002415,2026-08-26,34.78,0.24860145156156754,海康威视,Q1_avoid
600519,2026-08-26,1302.8,0.24437176550431086,贵州茅台,Q1_avoid
