code,date,close,turnover,prob,name,group
688120,2026-09-11,237.11,1.578115,0.5936505916418519,华海清科,Q5_buy
002738,2026-09-11,43.9,3.250265,0.559470078901664,中矿资源,Q5_buy
300567,2026-09-11,189.8,2.82715,0.5534789178456685,精测电子,Q5_buy
688343,2026-09-11,51.98,2.2594649999999996,0.5499243203398897,云天励飞,Q5_buy
688582,2026-09-11,37.98,1.2296650000000002,0.5478038972130743,芯动联科,Q5_buy
002273,2026-09-11,24.67,2.727005,0.5474044994940918,水晶光电,Q5_buy
688347,2026-09-11,219.07,4.076385,0.5463716139600455,华虹宏力,Q5_buy
300604,2026-09-11,257.7,3.46653,0.5434394621352114,长川科技,Q5_buy
301611,2026-09-11,85.79,6.3337449999999995,0.5419384961509249,珂玛科技,Q5_buy
605358,2026-09-11,40.6,4.780515,0.5286955378990603,立昂微,Q5_buy
688538,2026-09-11,2.2,1.126835,0.52834553580942,和辉光电,Q5_buy
300666,2026-09-11,230.46,5.508274999999999,0.5244876571364856,江丰电子,Q5_buy
600862,2026-09-11,18.8,0.9813049999999999,0.5228400484915058,中航高科,Q5_buy
601991,2026-09-11,5.78,2.02053,0.5194542657029312,大唐发电,Q5_buy
300432,2026-09-11,13.38,2.01074,0.5186510353725171,富临精工,Q5_buy
688578,2026-09-11,99.49,1.32781,0.5185968472016552,艾力斯,Q5_buy
000021,2026-09-11,35.03,4.914445,0.5183350813405813,深科技,Q5_buy
688615,2026-09-11,86.79,3.7431150000000004,0.5182772806433866,合合信息,Q5_buy
603256,2026-09-11,129.8,1.924585,0.5177256103488811,宏和科技,Q5_buy
300558,2026-09-11,45.56,3.867385,0.5171602592704222,贝达药业,Q5_buy
300953,2026-09-11,85.98,2.9236,0.5161704780583971,震裕科技,Q5_buy
600765,2026-09-11,14.03,1.1809550000000002,0.5156346033670608,中航重机,Q5_buy
688469,2026-09-11,8.4,1.7243399999999998,0.5153462012794584,芯联集成,Q5_buy
688411,2026-09-11,162.69,1.7078849999999999,0.5153316434244175,海博思创,Q5_buy
002185,2026-09-11,16.2,5.994115,0.5134917321809902,华天科技,Q5_buy
600038,2026-09-11,28.04,0.97295,0.5129576180180359,中直股份,Q5_buy
603338,2026-09-11,57.21,0.8113400000000001,0.5124936513805681,浙江鼎力,Q5_buy
002841,2026-09-11,45.24,1.3958949999999999,0.5115025123806125,视源股份,Q5_buy
300115,2026-09-11,23.0,2.6793750000000003,0.5109686894614447,长盈精密,Q5_buy
688702,2026-09-11,301.5,3.4518950000000004,0.5095734941395312,盛科通信,Q5_buy
603806,2026-09-11,14.48,0.8651249999999999,0.5094515868521219,福斯特,Q5_buy
689009,2026-09-11,37.15,1.7082649999999997,0.5092930916852891,九号公司,Q5_buy
688599,2026-09-11,10.75,1.17646,0.5077748897479099,天合光能,Q5_buy
600699,2026-09-11,18.55,1.726715,0.5076364858613931,均胜电子,Q5_buy
600486,2026-09-11,54.43,1.44442,0.5076309101105261,扬农化工,Q5_buy
688220,2026-09-11,88.98,1.772775,0.5069675356060612,翱捷科技,Q5_buy
688322,2026-09-11,88.9,2.79635,0.5046711091548938,奥比中光,Q5_buy
600312,2026-09-11,19.16,1.4282849999999998,0.5039030935746817,平高电气,Q5_buy
600499,2026-09-11,14.47,1.36097,0.5037479900110575,科达制造,Q5_buy
688017,2026-09-11,280.66,3.984075,0.5024147439032677,绿的谐波,Q5_buy
688266,2026-09-11,106.67,1.9542199999999998,0.5021472497888182,泽璟制药,Q5_buy
300390,2026-09-11,53.77,4.686555,0.5013783331019767,天华新能,Q5_buy
688172,2026-09-11,42.9,1.184895,0.5003583721293684,燕东微,Q5_buy
000400,2026-09-11,20.64,1.30255,0.5003504736761014,许继电气,Q5_buy
000528,2026-09-11,8.1,1.474515,0.5000699375784952,柳工,Q5_buy
000709,2026-09-11,2.08,0.792775,0.49991491705402175,河钢股份,Q5_buy
601717,2026-09-11,14.07,1.200895,0.4990150872827874,中创智领,Q5_buy
603175,2026-09-11,95.6,4.147869999999999,0.4985514819824617,超颖电子,Q5_buy
000728,2026-09-11,7.53,0.788565,0.49813848283896023,国元证券,Q5_buy
000738,2026-09-11,20.25,1.131915,0.4978221154961014,航发控制,Q5_buy
003021,2026-09-11,67.68,1.9378700000000002,0.4976870137869644,兆威机电,Q5_buy
002056,2026-09-11,19.71,1.2815850000000002,0.49721381957780225,横店东磁,Q5_buy
300759,2026-09-11,40.28,4.108505,0.49680936475272347,康龙化成,Q5_buy
601699,2026-09-11,15.72,1.136005,0.49643193033920546,潞安环能,Q5_buy
301358,2026-09-11,53.45,2.5781,0.4963065762556158,湖南裕能,Q5_buy
688336,2026-09-11,38.07,0.86723,0.4954018589727899,三生国健,Q5_buy
688692,2026-09-11,203.42,1.6971049999999999,0.49471134401091826,达梦数据,Q5_buy
000423,2026-09-11,45.84,0.9398850000000001,0.4940872545779307,东阿阿胶,Q5_buy
600352,2026-09-11,11.63,1.7079350000000002,0.4940416885857624,浙江龙盛,Q5_buy
688002,2026-09-11,177.0,2.549925,0.4937037351963545,睿创微纳,Q5_buy
601567,2026-09-11,12.88,1.0038,0.4926552541256878,三星电气,Q5_buy
600707,2026-09-11,8.51,3.3166450000000003,0.4924017855010251,彩虹股份,Q5_buy
600704,2026-09-11,4.95,0.77832,0.49228132121580026,物产中大,Q5_buy
002984,2026-09-11,13.4,1.3529449999999998,0.4919815880664919,森麒麟,Q5_buy
002409,2026-09-11,129.99,6.117705,0.4917227223365744,雅克科技,Q5_buy
688065,2026-09-11,39.86,0.784495,0.49115652917068514,凯赛生物,Q5_buy
600688,2026-09-11,2.85,0.9656550000000002,0.4903809175679328,上海石化,Q5_buy
000683,2026-09-11,5.91,2.30856,0.489392872057524,博源化工,Q5_buy
688200,2026-09-11,349.11,1.8377699999999997,0.48887866005529773,华峰测控,Q5_buy
688385,2026-09-11,52.08,2.378125,0.4880721307310901,复旦微电,Q5_buy
603816,2026-09-11,22.97,0.83779,0.48770395040367137,顾家家居,Q5_buy
000983,2026-09-11,6.74,1.5542799999999999,0.48742782409056945,山西焦煤,Q5_buy
600885,2026-09-11,34.59,0.9076700000000001,0.4872366706808121,宏发股份,Q5_buy
601958,2026-09-11,20.26,1.396965,0.4865861843019803,金钼股份,Q5_buy
601696,2026-09-11,11.3,1.3414199999999998,0.4864952556117499,中银证券,Q5_buy
601179,2026-09-11,12.31,1.45107,0.486485718463376,中国西电,Q5_buy
603379,2026-09-11,53.11,1.07089,0.48647553519316095,三美股份,Q5_buy
002340,2026-09-11,6.24,1.34437,0.48641507318639565,格林美,Q5_buy
603000,2026-09-11,16.43,1.532,0.4863607900442542,人民网,Q5_buy
300223,2026-09-11,128.78,5.87092,0.48630516326011625,君正股份,Q5_buy
603225,2026-09-11,16.93,1.009165,0.48591335787484063,新凤鸣,hold
603486,2026-09-11,51.46,1.0727,0.485907892036901,科沃斯,hold
003031,2026-09-11,118.06,3.4423900000000005,0.48557413609177896,中瓷电子,hold
000785,2026-09-11,2.26,0.8990349999999999,0.48535083789465616,居然智家,hold
000750,2026-09-11,3.68,0.8309899999999999,0.4851261618999239,国海证券,hold
002601,2026-09-11,14.78,0.8600049999999999,0.4846060822420549,龙佰集团,hold
002670,2026-09-11,11.72,2.4011699999999996,0.4842419728653276,国盛证券,hold
002064,2026-09-11,10.0,0.9152899999999999,0.48407984451201524,华峰化学,hold
600298,2026-09-11,41.09,0.990905,0.48393675431495364,安琪酵母,hold
001203,2026-09-11,23.83,1.4686,0.48344278963303433,大中矿业,hold
688498,2026-09-11,1701.0,2.7338899999999997,0.48335829279305714,源杰科技,hold
688563,2026-09-11,55.2,1.4781499999999999,0.48328647208009784,航材股份,hold
300763,2026-09-11,54.8,3.07462,0.48302534606435354,锦浪科技,hold
002078,2026-09-11,14.14,0.8350350000000001,0.4828238696270645,太阳纸业,hold
301377,2026-09-11,390.3,3.0780950000000002,0.4825795522069382,鼎泰高科,hold
603129,2026-09-11,289.5,0.8483299999999996,0.4824185840945334,春风动力,hold
601156,2026-09-11,18.9,0.96387,0.48199346497267237,东航物流,hold
002402,2026-09-11,17.95,2.5409750000000004,0.48199280827036034,和而泰,hold
600871,2026-09-11,2.24,1.124085,0.481976542314417,石化油服,hold
000830,2026-09-11,12.02,1.8239699999999999,0.48146455141623457,鲁西化工,hold
603160,2026-09-11,50.62,1.114715,0.48131487242581017,汇顶科技,hold
002335,2026-09-11,28.97,2.47775,0.48086959129436485,科华数据,hold
002126,2026-09-11,38.77,2.101225,0.480198928969144,银轮股份,hold
002244,2026-09-11,8.01,1.389755,0.4801077127323643,滨江集团,hold
300003,2026-09-11,11.18,1.29758,0.48006974049594503,乐普医疗,hold
002410,2026-09-11,8.23,1.59977,0.48004348169921224,广联达,hold
688213,2026-09-11,92.53,1.64668,0.4794556722581843,思特威,hold
688234,2026-09-11,94.9,2.082,0.4793624956246921,天岳先进,hold
000932,2026-09-11,3.52,1.189975,0.4791914693366932,华菱钢铁,hold
601615,2026-09-11,9.66,1.9706800000000002,0.4791077385076203,明阳智能,hold
600583,2026-09-11,5.99,1.0721399999999999,0.47867625739037006,海油工程,hold
688608,2026-09-11,92.37,1.614525,0.4782926853188486,恒玄科技,hold
688235,2026-09-11,247.3,3.484715,0.4782169495772258,百济神州,hold
601997,2026-09-11,5.62,1.61661,0.47763760352868834,贵阳银行,hold
600754,2026-09-11,19.11,1.545105,0.4770751285847312,锦江酒店,hold
603650,2026-09-11,63.25,2.766755000000001,0.47698545162733774,彤程新材,hold
688777,2026-09-11,83.99,1.568915,0.4769078587720919,中控技术,hold
601198,2026-09-11,13.14,0.851275,0.4767283345471952,东兴证券,hold
688278,2026-09-11,52.05,1.117845,0.47580106469975436,特宝生物,hold
000559,2026-09-11,10.41,0.885715,0.4756994699677578,万向钱潮,hold
300627,2026-09-11,26.78,1.140725,0.4752992046473632,华测导航,hold
001221,2026-09-11,35.59,4.871345,0.4751229653738319,悍高集团,hold
688114,2026-09-11,54.32,2.593175,0.4750953451055735,华大智造,hold
601162,2026-09-11,3.61,1.9526700000000001,0.4746728086349154,天风证券,hold
603606,2026-09-11,35.65,1.755135,0.4744445071227125,东方电缆,hold
688297,2026-09-11,44.53,1.45747,0.474151654244966,中无人机,hold
688331,2026-09-11,114.72,1.96831,0.4739500800472392,荣昌生物,hold
600157,2026-09-11,1.55,1.6797049999999998,0.47390860936304136,永泰能源,hold
000893,2026-09-11,41.8,2.124625,0.47367819136059147,亚钾国际,hold
300146,2026-09-11,9.29,1.052,0.47362236796083595,汤臣倍健,hold
603444,2026-09-11,375.2,2.33016,0.4736127169775963,吉比特,hold
603341,2026-09-11,35.11,3.5846849999999995,0.47302367791947625,龙旗科技,hold
300024,2026-09-11,13.15,1.8325900000000002,0.4730034225190074,机器人,hold
002812,2026-09-11,47.17,2.09985,0.472847816793759,恩捷股份,hold
688709,2026-09-11,23.35,1.7480449999999998,0.47268797608198976,成都华微,hold
002262,2026-09-11,21.44,1.0853949999999999,0.47258877053964227,恩华药业,hold
000729,2026-09-11,11.01,0.92256,0.47248187538966496,燕京啤酒,hold
601865,2026-09-11,9.47,0.812955,0.47244729725965373,福莱特,hold
000997,2026-09-11,19.6,2.83464,0.4715091239399223,新大陆,hold
002831,2026-09-11,29.08,1.5908349999999998,0.4714408634210162,裕同科技,hold
603087,2026-09-11,66.34,1.6824099999999997,0.471400902628292,甘李药业,hold
002153,2026-09-11,7.64,1.5987050000000003,0.47124792328371995,石基信息,hold
000050,2026-09-11,6.45,0.790855,0.4710283133814851,深天马A,hold
600339,2026-09-11,3.34,1.036015,0.47094122096943136,中油工程,hold
300458,2026-09-11,29.4,5.212085,0.4708471672810471,全志科技,hold
603659,2026-09-11,21.38,1.1283800000000002,0.47036268767845524,璞泰来,hold
000513,2026-09-11,26.62,1.36029,0.4702326518670537,丽珠集团,hold
601799,2026-09-11,71.68,1.8913550000000001,0.469344410236812,星宇股份,hold
601099,2026-09-11,3.43,2.212485,0.46857357609206146,太平洋,hold
002568,2026-09-11,17.15,1.37921,0.46844781906101196,百润股份,hold
601155,2026-09-11,11.63,1.106195,0.46752559875396665,新城控股,hold
002195,2026-09-11,6.11,1.659825,0.46737438580541707,岩山科技,hold
600497,2026-09-11,9.81,2.6786299999999996,0.46724850489535125,驰宏锌锗,hold
600435,2026-09-11,11.94,1.9845700000000002,0.467243975486421,北方导航,hold
688778,2026-09-11,42.05,1.135735,0.46713554257071044,厦钨新能,hold
002423,2026-09-11,9.36,1.189325,0.46699765384117786,中粮资本,hold
002683,2026-09-11,29.06,1.28942,0.46688473113374884,广东宏大,hold
688099,2026-09-11,84.89,2.10086,0.4666249586428831,晶晨股份,hold
603979,2026-09-11,75.0,1.327,0.4666178411265771,金诚信,hold
300957,2026-09-11,30.97,1.688045,0.466413357949882,贝泰妮,hold
688037,2026-09-11,312.0,2.353045,0.46628915096024753,芯源微,hold
600348,2026-09-11,9.13,0.997185,0.46625623218527307,华阳股份,hold
000783,2026-09-11,8.5,2.142585,0.46612424455166046,长江证券,hold
601128,2026-09-11,6.41,1.5555150000000002,0.4658770707432744,常熟银行,hold
600816,2026-09-11,2.42,1.334055,0.46577528275651764,建元信托,hold
688180,2026-09-11,31.14,2.19467,0.4652187268935706,君实生物,hold
600378,2026-09-11,45.39,6.080915,0.4651193631834632,昊华科技,hold
600763,2026-09-11,32.75,1.93268,0.46510029920636503,通策医疗,hold
300735,2026-09-11,17.7,1.8034399999999997,0.4647140590956437,光弘科技,hold
002797,2026-09-11,6.28,1.21214,0.4647090930909864,第一创业,hold
603156,2026-09-11,40.79,1.219795,0.46464740928783926,养元饮品,hold
300454,2026-09-11,127.91,5.26363,0.4644110519832452,深信服,hold
601665,2026-09-11,7.15,0.9551300000000007,0.46427559609236707,齐鲁银行,hold
002157,2026-09-11,3.17,2.10736,0.4639734054107581,正邦科技,hold
688708,2026-09-11,41.08,1.29378,0.4639555785111848,佳驰科技,hold
600546,2026-09-11,13.3,1.32143,0.46379928165817036,山煤国际,hold
002120,2026-09-11,6.77,1.0013200000000002,0.46377072295812377,韵达股份,hold
688561,2026-09-11,27.6,1.13821,0.46349521643080116,奇安信,hold
600170,2026-09-11,2.23,1.35155,0.4632754122701857,上海建工,hold
002152,2026-09-11,9.45,0.9102049999999998,0.4631548692761584,广电运通,hold
002432,2026-09-11,61.4,4.410394999999999,0.4631032885580183,九安医疗,hold
002966,2026-09-11,9.3,0.832675,0.46289840126809445,苏州银行,hold
603308,2026-09-11,43.36,3.22098,0.4628859209685183,应流股份,hold
300718,2026-09-11,52.67,3.5755900000000005,0.4623186121416157,长盛轴承,hold
001286,2026-09-11,9.76,1.8775400000000002,0.462308417801579,陕西能源,hold
300496,2026-09-11,54.45,2.8489,0.46175162681879095,中科创达,hold
600536,2026-09-11,31.49,3.6571599999999997,0.4615164766124736,中国软件,hold
002850,2026-09-11,171.4,1.680695,0.46114174798138874,科达利,hold
688772,2026-09-11,13.92,2.1822550000000005,0.46098246406010973,珠海冠宇,hold
603179,2026-09-11,37.5,3.11633,0.46093591923707217,新泉股份,hold
603589,2026-09-11,17.55,0.8979000000000001,0.4604167560541664,口子窖,hold
688301,2026-09-11,88.54,1.465835,0.46039776524804504,奕瑞科技,hold
002271,2026-09-11,10.33,2.9258300000000004,0.4599814094285127,东方雨虹,hold
002007,2026-09-11,12.8,0.8752800000000001,0.45967719532777146,华兰生物,hold
300002,2026-09-11,8.1,1.6819100000000002,0.45960585569163004,神州泰岳,hold
000415,2026-09-11,4.49,1.1447749999999999,0.45948145634856735,渤海租赁,hold
600008,2026-09-11,2.79,0.9079599999999999,0.459154918998098,首创环保,hold
601233,2026-09-11,23.41,2.05186,0.4589321906493333,桐昆股份,hold
002472,2026-09-11,34.64,2.958495,0.4587132753137373,双环传动,hold
000937,2026-09-11,4.53,1.1585100000000002,0.4586896035640654,冀中能源,hold
002281,2026-09-11,177.36,4.081365,0.45863431870151106,光迅科技,hold
600535,2026-09-11,14.02,0.94503,0.4585762105818348,天士力,hold
301536,2026-09-11,110.9,7.302244999999999,0.4581874780527417,星宸科技,hold
688248,2026-09-11,50.3,0.89031,0.4581808052056597,南网科技,hold
300001,2026-09-11,32.84,1.32778,0.4581086141811307,特锐德,hold
300623,2026-09-11,28.79,3.15321,0.4579169508731611,捷捷微电,hold
000039,2026-09-11,9.17,1.572355,0.4576615723554746,中集集团,hold
600299,2026-09-11,8.46,1.247175,0.45760553759901035,安迪苏,hold
688052,2026-09-11,225.0,1.9608899999999998,0.45753795724907226,纳芯微,hold
601108,2026-09-11,8.2,1.35076,0.4575075880161408,财通证券,hold
600711,2026-09-11,11.3,3.56266,0.45746338601559433,盛屯矿业,hold
688281,2026-09-11,51.89,0.8893650000000001,0.4570522504459268,华秦科技,hold
600256,2026-09-11,7.02,2.347475,0.456796932677965,广汇能源,hold
688019,2026-09-11,219.0,2.48032,0.4562091815999239,安集科技,hold
688728,2026-09-11,13.88,0.9438899999999999,0.45599529467142297,格科微,hold
601555,2026-09-11,8.4,0.854025,0.4557038340960507,东吴证券,hold
688676,2026-09-11,63.26,3.362915,0.45556178563731303,金盘科技,hold
000739,2026-09-11,21.94,1.83018,0.4555016610846047,普洛药业,hold
688192,2026-09-11,53.07,1.34909,0.45531155126634776,迪哲医药,hold
000661,2026-09-11,71.46,1.681615,0.4546398453342352,长春高新,hold
300972,2026-09-11,181.12,1.05643,0.45438430917789113,万辰集团,hold
000623,2026-09-11,17.65,1.0251249999999998,0.45412481725753057,吉林敖东,hold
600562,2026-09-11,28.26,0.96667,0.4541079897445937,国睿科技,hold
600390,2026-09-11,4.89,0.9045500000000001,0.4535986664510657,五矿资本,hold
600977,2026-09-11,12.76,1.402545,0.4531166847440826,中国电影,hold
000591,2026-09-11,4.37,0.9245600000000002,0.4530781144761343,太阳能,hold
600988,2026-09-11,44.39,3.83598,0.45268955750569007,赤峰黄金,hold
000629,2026-09-11,2.94,0.900155,0.45219372768535887,钒钛股份,hold
002773,2026-09-11,19.01,0.933245,0.45123029215244115,康弘药业,hold
002266,2026-09-11,4.79,1.387495,0.45105882921035384,浙富控股,hold
001386,2026-09-11,15.31,4.7456949999999996,0.45104547567936687,马可波罗,hold
300373,2026-09-11,84.36,2.81783,0.45072248300422035,扬杰科技,hold
000088,2026-09-11,4.58,0.9600249999999999,0.45041733666482514,盐田港,hold
300748,2026-09-11,24.78,1.547845,0.45011998288589505,金力永磁,hold
300012,2026-09-11,14.62,2.364405,0.4499258552345671,华测检测,hold
600606,2026-09-11,1.28,0.82196,0.4498435583276431,绿地控股,hold
600595,2026-09-11,6.16,2.342445,0.44940631047084534,中孚实业,hold
600380,2026-09-11,9.24,1.014325,0.4489594238768755,健康元,hold
300487,2026-09-11,65.59,1.839835,0.4488082083329438,蓝晓科技,hold
605589,2026-09-11,38.06,3.389575,0.4486980063275211,圣泉集团,hold
300144,2026-09-11,5.83,1.43406,0.4484255947587664,宋城演艺,hold
600637,2026-09-11,8.51,1.17384,0.4477251548806826,东方明珠,hold
600601,2026-09-11,14.83,4.95977,0.4474642836902886,方正科技,hold
000951,2026-09-11,21.5,1.104095,0.4472655142888752,中国重汽,hold
600166,2026-09-11,2.83,1.33171,0.4472376176484646,福田汽车,hold
300724,2026-09-11,50.78,3.193685,0.4470480701543409,捷佳伟创,hold
600153,2026-09-11,8.49,0.90527,0.44656611479540204,建发股份,hold
603092,2026-09-11,40.92,3.7339849999999997,0.4461932211115365,德力佳,hold
002430,2026-09-11,26.75,2.048585,0.44595896643673155,杭氧股份,hold
002261,2026-09-11,25.3,3.2760249999999997,0.44584316575395894,拓维信息,hold
600764,2026-09-11,19.55,0.99086,0.4456221855777939,中国海防,hold
301498,2026-09-11,37.14,2.068055,0.44546622768927535,乖宝宠物,hold
600141,2026-09-11,29.25,2.807335,0.4452980704941865,兴发集团,hold
600392,2026-09-11,20.98,2.78213,0.4447623058387843,盛和资源,hold
300395,2026-09-11,96.09,4.68449,0.4444453789035906,菲利华,hold
002065,2026-09-11,6.64,1.156275,0.44429718633306897,东华软件,hold
688387,2026-09-11,12.18,2.156895,0.4442712648941454,信科移动,hold
000060,2026-09-11,6.23,2.604205,0.4442250527257712,中金岭南,hold
300339,2026-09-11,34.37,2.9431700000000003,0.4439782570283314,润和软件,hold
002821,2026-09-11,164.13,3.6721150000000002,0.443958261459868,凯莱英,hold
300073,2026-09-11,36.69,2.122205,0.443949438612301,当升科技,hold
600171,2026-09-11,21.9,1.360745,0.44369451811173743,上海贝岭,hold
002756,2026-09-11,41.12,2.5927,0.44358741145970737,永兴材料,hold
300620,2026-09-11,289.5,4.555804999999999,0.4433021725368045,光库科技,hold
001696,2026-09-11,15.24,5.704765,0.44303962017003007,宗申动力,hold
002945,2026-09-11,13.85,0.78739,0.4429175586967338,华林证券,hold
000786,2026-09-11,15.8,1.426145,0.4428589433755177,北新建材,hold
300136,2026-09-11,56.83,4.738985,0.4428136585218432,信维通信,hold
600685,2026-09-11,28.74,1.6779,0.44266409488058056,中船防务,hold
600578,2026-09-11,5.58,1.1102,0.4426263117742873,京能电力,hold
002203,2026-09-11,19.65,1.1209349999999998,0.4426012019056945,海亮股份,hold
002429,2026-09-11,7.92,1.281545,0.44252633630131083,兆驰股份,hold
002138,2026-09-11,48.11,3.7243000000000004,0.4421130573745623,顺络电子,hold
002517,2026-09-11,17.71,3.2115449999999996,0.44184301606186527,恺英网络,hold
300285,2026-09-11,62.77,10.21177,0.441503616833512,国瓷材料,hold
300054,2026-09-11,66.64,3.11237,0.4412175543491788,鼎龙股份,hold
300919,2026-09-11,37.62,1.092495,0.4412080970726249,中伟新材,hold
000960,2026-09-11,33.37,2.3807850000000004,0.44108238302199604,锡业股份,hold
603596,2026-09-11,28.24,2.21434,0.4409477036716741,伯特利,hold
301301,2026-09-11,8.18,2.8109599999999997,0.44084087923853904,川宁生物,hold
600873,2026-09-11,7.56,1.027145,0.44032821391724664,梅花生物,hold
600316,2026-09-11,34.04,1.94101,0.4402199736821185,洪都航空,hold
000062,2026-09-11,22.53,2.4547999999999996,0.43983129144601407,深圳华强,hold
001389,2026-09-11,175.0,4.197685,0.43974300799022764,广合科技,hold
603605,2026-09-11,57.21,1.5240649999999998,0.4392414357293881,珀莱雅,hold
000967,2026-09-11,8.0,2.0008399999999997,0.438967687055855,盈峰环境,hold
600884,2026-09-11,11.17,1.8391899999999999,0.4388169064857135,杉杉股份,hold
300857,2026-09-11,261.0,3.763965,0.4382341591833887,协创数据,hold
000032,2026-09-11,13.61,2.5954050000000004,0.43818653265967406,深桑达A,hold
000831,2026-09-11,51.93,3.0975349999999997,0.43760769891646567,中国稀土,hold
600602,2026-09-11,16.89,2.9890499999999998,0.43758772941002716,云赛智联,hold
600808,2026-09-11,2.57,1.020675,0.4375870316299453,马钢股份,hold
300037,2026-09-11,71.53,2.6586,0.4372450539984552,新宙邦,hold
600521,2026-09-11,15.37,1.85582,0.4367841437818457,华海药业,hold
002085,2026-09-11,10.12,0.8650800000000001,0.4361537302095037,万丰奥威,hold
600516,2026-09-11,5.21,0.9935700000000001,0.4361234467840091,方大炭素,hold
002044,2026-09-11,4.52,1.7271900000000002,0.43601776473709153,美年健康,hold
600985,2026-09-11,16.71,1.12506,0.4357660873442554,淮北矿业,hold
002603,2026-09-11,15.19,1.41582,0.4357608664044268,以岭药业,hold
688018,2026-09-11,103.65,1.7772199999999998,0.4356003068590307,乐鑫科技,hold
600863,2026-09-11,4.84,1.545115,0.4355235355502236,华能蒙电,hold
601016,2026-09-11,3.41,1.418215,0.43534946624898685,节能风电,hold
688318,2026-09-11,74.2,2.272925,0.43477272201137085,财富趋势,hold
300100,2026-09-11,19.56,1.121,0.43445678637254503,双林股份,hold
603737,2026-09-11,20.83,1.2026400000000002,0.4336358190004254,三棵树,hold
002739,2026-09-11,8.7,3.3757849999999996,0.43325108745985635,儒意电影,hold
601666,2026-09-11,9.29,1.5675400000000002,0.43296629811417836,平煤股份,hold
601611,2026-09-11,11.19,0.9664800000000001,0.432785274628686,中国核建,hold
601001,2026-09-11,16.63,1.433635,0.43187346738278987,晋控煤业,hold
688313,2026-09-11,148.5,4.466345,0.4315919255936761,仕佳光子,hold
688169,2026-09-11,119.62,2.91175,0.431549099865328,石头科技,hold
600292,2026-09-11,12.07,1.9944250000000001,0.43075641241016427,电投水电,hold
603077,2026-09-11,2.37,2.695495,0.4307449385588262,和邦生物,hold
300757,2026-09-11,630.0,4.04266,0.430358900328086,罗博特科,hold
000887,2026-09-11,19.0,3.6487899999999995,0.4298067221430393,中鼎股份,hold
603688,2026-09-11,46.88,2.76105,0.429479072061417,石英股份,hold
002624,2026-09-11,10.34,2.498195,0.42944381884985455,完美世界,hold
600105,2026-09-11,42.2,8.52621,0.4287635829383596,永鼎股份,hold
000921,2026-09-11,29.12,1.005165,0.4285702254176833,海信家电,hold
600563,2026-09-11,123.01,1.6112449999999998,0.4283730245539113,法拉电子,hold
603345,2026-09-11,74.75,2.178455,0.42825970727192136,安井食品,Q1_avoid
300676,2026-09-11,35.87,2.773695,0.4281329129052469,华大基因,Q1_avoid
300679,2026-09-11,42.35,7.1515200000000005,0.42807447227452194,电连技术,Q1_avoid
600906,2026-09-11,6.29,1.5581699999999996,0.42788552197926566,财达证券,Q1_avoid
600909,2026-09-11,7.74,2.27149,0.42767878048573477,华安证券,Q1_avoid
600021,2026-09-11,13.88,0.90228,0.4275792452716919,上海电力,Q1_avoid
300751,2026-09-11,188.2,4.117604999999999,0.42747882240577045,迈为股份,Q1_avoid
000703,2026-09-11,17.35,2.7915900000000002,0.42664442516584533,恒逸石化,Q1_avoid
002508,2026-09-11,16.97,1.0221,0.42626433743966957,老板电器,Q1_avoid
600498,2026-09-11,40.75,7.288385,0.42502816280589917,烽火通信,Q1_avoid
002223,2026-09-11,25.35,0.7790100000000001,0.4246699649107792,鱼跃医疗,Q1_avoid
600363,2026-09-11,15.2,8.020575000000001,0.4244724070179122,联创光电,Q1_avoid
603290,2026-09-11,82.65,3.3857,0.42445385831459503,斯达半导,Q1_avoid
600208,2026-09-11,2.81,0.8714500000000001,0.42379948922632343,衢州发展,Q1_avoid
000539,2026-09-11,5.37,2.1281849999999998,0.4235066097730845,粤电力A,Q1_avoid
300474,2026-09-11,47.2,1.272685,0.4230908748071174,景嘉微,Q1_avoid
002312,2026-09-11,9.02,1.8870349999999998,0.4230265327817839,川发龙蟒,Q1_avoid
603119,2026-09-11,50.58,2.1413300000000004,0.422890772529134,浙江荣泰,Q1_avoid
301606,2026-09-11,53.42,3.1457749999999995,0.42193630646496544,绿联科技,Q1_avoid
000582,2026-09-11,11.26,2.35356,0.4215919770710444,北部湾港,Q1_avoid
000878,2026-09-11,17.18,3.090015,0.4214695884035215,云南铜业,Q1_avoid
603939,2026-09-11,22.48,0.78175,0.4208701953980627,益丰药房,Q1_avoid
002008,2026-09-11,92.85,4.836270000000001,0.4208303472103345,大族激光,Q1_avoid
600598,2026-09-11,13.04,4.14939,0.4195838719444713,北大荒,Q1_avoid
002131,2026-09-11,4.46,7.526635000000001,0.41932093197519793,利欧股份,Q1_avoid
300017,2026-09-11,14.68,7.435895,0.4191410795587642,网宿科技,Q1_avoid
000537,2026-09-11,7.8,1.076765,0.4185736965879575,绿发电力,Q1_avoid
002299,2026-09-11,16.68,0.9805150000000001,0.41846246930293063,圣农发展,Q1_avoid
000723,2026-09-11,3.76,2.9753100000000003,0.4180401441045235,美锦能源,Q1_avoid
300346,2026-09-11,51.0,4.46338,0.41696436053906993,南大光电,Q1_avoid
002583,2026-09-11,8.41,1.47859,0.41636172125693904,海能达,Q1_avoid
600143,2026-09-11,13.23,1.2476500000000001,0.4156551011430612,金发科技,Q1_avoid
601869,2026-09-11,473.99,3.616995,0.4151660852012327,长飞光纤,Q1_avoid
600879,2026-09-11,14.55,2.162405,0.41507973339492793,航天电子,Q1_avoid
002155,2026-09-11,27.5,5.0137,0.41427958419293703,湖南黄金,Q1_avoid
002487,2026-09-11,35.3,3.4720050000000002,0.41411580384464663,大金重工,Q1_avoid
688027,2026-09-11,347.49,1.56227,0.410429162398496,国盾量子,Q1_avoid
300699,2026-09-11,23.8,1.1922650000000001,0.4104181874429766,光威复材,Q1_avoid
300677,2026-09-11,55.0,2.064965,0.40967177330323457,英科医疗,Q1_avoid
603728,2026-09-11,47.41,1.6965949999999999,0.40885868924128604,鸣志电器,Q1_avoid
300058,2026-09-11,13.15,8.16347,0.40690747317950215,蓝色光标,Q1_avoid
002318,2026-09-11,18.55,0.9340949999999999,0.40534976391616323,久立特材,Q1_avoid
003035,2026-09-11,5.98,1.2363250000000001,0.4051008469711102,南网能源,Q1_avoid
002465,2026-09-11,10.25,1.7102049999999998,0.4049159548711696,海格通信,Q1_avoid
002851,2026-09-11,125.7,5.880895,0.40456974005363183,麦格米特,Q1_avoid
002414,2026-09-11,12.29,1.7825399999999998,0.4036369971117165,高德红外,Q1_avoid
000155,2026-09-11,11.74,1.73856,0.40289174188546534,川能动力,Q1_avoid
000034,2026-09-11,22.89,2.652635,0.4026921596922316,神州数码,Q1_avoid
601112,2026-09-11,16.11,2.39867,0.39829113033023744,振石股份,Q1_avoid
002265,2026-09-11,22.33,2.01552,0.39692201995806137,建设工业,Q1_avoid
601118,2026-09-11,6.78,4.35024,0.3953991762857351,海南橡胶,Q1_avoid
300142,2026-09-11,13.09,9.443325,0.3933852216225662,沃森生物,Q1_avoid
600126,2026-09-11,6.19,1.6960000000000002,0.39239736144437287,杭钢股份,Q1_avoid
002407,2026-09-11,31.87,10.60822,0.3921506996793759,多氟多,Q1_avoid
688122,2026-09-11,51.57,1.26921,0.39183358902896676,西部超导,Q1_avoid
000519,2026-09-11,16.21,4.3331800000000005,0.39079402111256795,中兵红箭,Q1_avoid
002025,2026-09-11,63.01,3.2920050000000005,0.3861989892542811,航天电器,Q1_avoid
603565,2026-09-11,11.87,1.55593,0.3839928695564951,中谷物流,Q1_avoid
002130,2026-09-11,17.93,2.91493,0.38113845853568745,沃尔核材,Q1_avoid
300548,2026-09-11,207.84,5.208425,0.3785039042050584,长芯博创,Q1_avoid
688568,2026-09-11,31.01,1.18289,0.3755691807626009,中科星图,Q1_avoid
300475,2026-09-11,167.65,6.291175,0.3754090012132676,香农芯创,Q1_avoid
300570,2026-09-11,200.86,10.912975,0.3736740141338519,太辰光,Q1_avoid
600967,2026-09-11,14.98,4.028255,0.3727279252513773,内蒙一机,Q1_avoid
688617,2026-09-11,242.85,1.2266350000000001,0.3717161776267854,惠泰医疗,Q1_avoid
000733,2026-09-11,40.85,1.858785,0.36749927880108363,振华科技,Q1_avoid
603920,2026-09-11,41.45,3.36461,0.3648708944069544,世运电路,Q1_avoid
001309,2026-09-11,402.73,8.22138,0.36448372232271287,德明利,Q1_avoid
300207,2026-09-11,18.47,2.266845,0.3628849251068904,欣旺达,Q1_avoid
002436,2026-09-11,39.33,8.239095,0.36243550290936993,兴森科技,Q1_avoid
301526,2026-09-11,30.69,10.170824999999999,0.36051785974205736,国际复材,Q1_avoid
600095,2026-09-11,8.58,2.7458750000000003,0.35972655531988357,湘财股份,Q1_avoid
601212,2026-09-11,6.44,5.2817,0.35727574304330406,白银有色,Q1_avoid
300383,2026-09-11,10.91,2.340115,0.34952551907653534,光环新网,Q1_avoid
600032,2026-09-11,7.44,0.782745,0.34081290486153076,浙江新能,Q1_avoid
600737,2026-09-11,16.21,5.680545,0.3407046301498433,中粮糖业,Q1_avoid
688166,2026-09-11,35.23,2.85893,0.3385259254247683,博瑞医药,Q1_avoid
000737,2026-09-11,14.74,5.975315,0.33394734707466245,北方铜业,Q1_avoid
688361,2026-09-11,304.68,2.3596999999999997,0.33339336383185575,中科飞测,Q1_avoid
688629,2026-09-11,120.52,2.830875,0.3146323603327839,华丰科技,Q1_avoid
