code,prob,close,date,name
002353,0.9899606890159636,142.48,2026-08-24,杰瑞股份
000630,0.9839408387712874,6.63,2026-08-24,铜陵有色
601838,0.9813078805976179,18.88,2026-08-24,成都银行
000725,0.973563058362178,5.75,2026-08-24,京东方A
601727,0.9731165490125384,6.45,2026-08-24,上海电气
002709,0.9708053695053681,37.48,2026-08-24,天赐材料
002493,0.9697712811209981,13.65,2026-08-24,荣盛石化
605117,0.9689096002444628,94.31,2026-08-24,德业股份
002648,0.9631893005290318,26.57,2026-08-24,卫星化学
600482,0.959179865035272,31.66,2026-08-24,中国动力
688047,0.9583439224134673,102.73,2026-08-24,龙芯中科
600036,0.9549476223461375,39.58,2026-08-24,招商银行
301165,0.947000958256959,115.9,2026-08-24,锐捷网络
688041,0.940420121265784,230.81,2026-08-24,海光信息
300476,0.9392342491479821,245.0,2026-08-24,胜宏科技
000425,0.9390923722669857,7.94,2026-08-24,徐工机械
001965,0.9385963766515488,9.29,2026-08-24,招商公路
603259,0.9366726213551463,155.84,2026-08-24,药明康德
300394,0.9296323412666717,249.5,2026-08-24,天孚通信
600584,0.9281646114185217,73.8,2026-08-24,长电科技
601988,0.9224528192120484,6.13,2026-08-24,中国银行
600989,0.916988148038449,23.22,2026-08-24,宝丰能源
600066,0.916122917197462,30.36,2026-08-24,宇通客车
601766,0.9113236870047557,6.08,2026-08-24,中国中车
601021,0.9103450891779014,43.47,2026-08-24,春秋航空
688008,0.9082978918920617,191.83,2026-08-24,澜起科技
688082,0.9052846170400952,301.4,2026-08-24,盛美上海
688012,0.9038866217817826,357.65,2026-08-24,中微公司
603893,0.8963107559287242,174.6,2026-08-24,瑞芯微
000157,0.8952141130695682,7.07,2026-08-24,中联重科
300124,0.889091386804085,58.3,2026-08-24,汇川技术
000999,0.887455273714593,23.6,2026-08-24,华润三九
300661,0.887164339176544,111.13,2026-08-24,圣邦股份
600426,0.8821573158048207,20.07,2026-08-24,华鲁恒升
600938,0.8812463784494327,33.72,2026-08-24,中国海油
000792,0.8794228257343916,28.48,2026-08-24,盐湖股份
603296,0.8786214307792644,75.22,2026-08-24,华勤技术
000963,0.8768507894315564,27.15,2026-08-24,华东医药
002938,0.8658352680538276,87.95,2026-08-24,鹏鼎控股
600660,0.8611088260636743,56.49,2026-08-24,福耀玻璃
601939,0.857748229261842,10.66,2026-08-24,建设银行
300251,0.8538513301432021,10.76,2026-08-24,光线传媒
600741,0.8528038598375901,15.48,2026-08-24,华域汽车
600026,0.8514545863077887,19.14,2026-08-24,中远海能
002422,0.8510467439994969,41.44,2026-08-24,科伦药业
600150,0.844874475022053,33.8,2026-08-24,中国船舶
600549,0.8434993645239746,53.93,2026-08-24,厦门钨业
600406,0.8377049860466362,23.27,2026-08-24,国电南瑞
002384,0.8349948760960191,193.6,2026-08-24,东山精密
601668,0.8247495444009522,4.42,2026-08-24,中国建筑
688256,0.82101226721125,969.05,2026-08-24,寒武纪
688223,0.8207033132505938,4.33,2026-08-24,晶科能源
600346,0.814765966057053,18.76,2026-08-24,恒力石化
300999,0.8142867656066151,24.78,2026-08-24,金龙鱼
600460,0.8123075130942989,35.56,2026-08-24,士兰微
301308,0.8085226978859253,364.9,2026-08-24,江波龙
300316,0.7949737960718611,42.99,2026-08-24,晶盛机电
601919,0.7933940037360054,17.42,2026-08-24,中远海控
688036,0.7911443932670948,56.71,2026-08-24,传音控股
002475,0.7865170044451439,53.72,2026-08-24,立讯精密
600489,0.7833162043100012,27.26,2026-08-24,中金黄金
000538,0.7779713300140337,49.5,2026-08-24,云南白药
300308,0.7731209934302794,870.22,2026-08-24,中际旭创
002027,0.7647146967533216,4.88,2026-08-24,分众传媒
688009,0.7416823338513778,4.97,2026-08-24,中国通号
600011,0.7274487727329929,6.64,2026-08-24,华能国际
002460,0.7255645665022535,55.63,2026-08-24,赣锋锂业
002049,0.7223608495057546,60.99,2026-08-24,紫光国微
002916,0.721389078350707,343.63,2026-08-24,深南电路
000988,0.7180865782813393,103.35,2026-08-24,华工科技
600111,0.7100439527412268,40.42,2026-08-24,北方稀土
002179,0.6989025173037012,33.01,2026-08-24,中航光电
603019,0.6911119843126183,82.18,2026-08-24,中科曙光
300122,0.6784538293692248,12.83,2026-08-24,智飞生物
601328,0.6773577052925714,7.2,2026-08-24,交通银行
002532,0.6743198715688533,12.7,2026-08-24,天山铝业
601669,0.6675392227756258,4.62,2026-08-24,中国电建
688981,0.66633957515862,120.58,2026-08-24,中芯国际
601689,0.6652982268895751,46.3,2026-08-24,拓普集团
601398,0.6651907526206775,7.89,2026-08-24,工商银行
600362,0.6630968116490461,45.95,2026-08-24,江西铜业
600276,0.6578736797316073,46.76,2026-08-24,恒瑞医药
300433,0.6573443211097099,37.95,2026-08-24,蓝思科技
000975,0.6547144794987781,29.26,2026-08-24,山金国际
000768,0.6500289824233283,21.36,2026-08-24,中航西飞
688396,0.6470999275970413,61.22,2026-08-24,华润微
600893,0.642384483435519,36.6,2026-08-24,航发动力
000657,0.6420174721195148,66.76,2026-08-24,中钨高新
300442,0.6407543070753708,62.45,2026-08-24,润泽科技
601995,0.637350712227557,33.62,2026-08-24,中金公司
600089,0.6367105077492551,19.0,2026-08-24,特变电工
601878,0.6332276607178953,9.15,2026-08-24,浙商证券
601058,0.6290524278072849,13.91,2026-08-24,赛轮轮胎
600010,0.6219469283467488,2.26,2026-08-24,包钢股份
301236,0.6105470596866113,36.65,2026-08-24,软通动力
600875,0.6103131274226155,25.43,2026-08-24,东方电气
601600,0.6076603582044988,9.5,2026-08-24,中国铝业
601111,0.6023705705298136,5.88,2026-08-24,中国国航
002602,0.5930522163492928,13.79,2026-08-24,世纪华通
600039,0.5900584091961442,8.55,2026-08-24,四川路桥
601998,0.5738521384741888,8.56,2026-08-24,中信银行
000001,0.5683195629501381,11.56,2026-08-24,平安银行
601877,0.5655488652760136,26.22,2026-08-24,正泰电器
002625,0.5599244420551722,27.82,2026-08-24,光启技术
688303,0.5520097637937417,17.63,2026-08-24,大全能源
601868,0.5496208242183009,2.5,2026-08-24,中国能建
000408,0.5459855306724525,77.4,2026-08-24,藏格矿业
600522,0.5442946890389772,32.53,2026-08-24,中天科技
603501,0.5430480491141001,82.5,2026-08-24,豪威集团
600886,0.5404704393835218,13.94,2026-08-24,国投电力
601211,0.5145981793513554,17.64,2026-08-24,国泰海通
600309,0.5124532337457733,73.19,2026-08-24,万华化学
688126,0.5110461909532298,24.73,2026-08-24,沪硅产业
603993,0.5108214159043849,18.99,2026-08-24,洛阳钼业
601006,0.5069716004970065,4.7,2026-08-24,大秦铁路
601607,0.5058851552786074,16.19,2026-08-24,上海医药
000617,0.5049722549931244,7.15,2026-08-24,中油资本
601728,0.5028916873011569,6.47,2026-08-24,中国电信
002352,0.4994005880565667,32.94,2026-08-24,顺丰控股
601336,0.49776802073132376,59.43,2026-08-24,新华保险
002837,0.49069785263277593,54.75,2026-08-24,英维克
603369,0.48814773637211967,27.78,2026-08-24,今世缘
600160,0.485656803503512,37.82,2026-08-24,巨化股份
000100,0.48552905148788156,4.92,2026-08-24,TCL科技
688271,0.47951177098671877,105.4,2026-08-24,联影医疗
603288,0.46838256732232747,35.67,2026-08-24,海天味业
600415,0.4679254500777417,12.3,2026-08-24,小商品城
601898,0.467887181549521,14.81,2026-08-24,中煤能源
002001,0.46563846155480254,26.32,2026-08-24,新和成
605499,0.4639439279955417,120.99,2026-08-24,东鹏饮料
002241,0.4607415963141834,23.48,2026-08-24,歌尔股份
002466,0.4512398438872759,49.1,2026-08-24,天齐锂业
002415,0.44923440332514913,34.15,2026-08-24,海康威视
300832,0.44017399500257176,51.47,2026-08-24,新产业
002920,0.43078522556786264,86.59,2026-08-24,德赛西威
000776,0.42403926806052855,20.64,2026-08-24,广发证券
600061,0.42118907108126313,6.26,2026-08-24,国投资本
600196,0.4209067290832165,22.79,2026-08-24,复星医药
300450,0.41826208717869723,33.84,2026-08-24,先导智能
002558,0.41410364783160786,26.66,2026-08-24,巨人网络
601698,0.41378655808066767,23.76,2026-08-24,中国卫通
601658,0.4108103739006697,5.04,2026-08-24,邮储银行
601872,0.4072592918691106,19.0,2026-08-24,招商轮船
600031,0.4028194279040456,18.61,2026-08-24,三一重工
300750,0.40114475105441044,387.89,2026-08-24,宁德时代
603986,0.39772478746457934,381.66,2026-08-24,兆易创新
600999,0.3933223662994076,17.86,2026-08-24,招商证券
600118,0.38244391150026397,59.4,2026-08-24,中国卫星
603799,0.37113583095169167,40.2,2026-08-24,华友钴业
600803,0.3642124450606322,17.58,2026-08-24,新奥股份
300896,0.3623191326145978,91.4,2026-08-24,爱美客
600600,0.35826985211260104,50.72,2026-08-24,青岛啤酒
300408,0.3553814996250652,108.94,2026-08-24,三环集团
601628,0.3501205117486302,37.64,2026-08-24,中国人寿
002028,0.34956143364365805,175.2,2026-08-24,思源电气
601390,0.33746225910736977,4.36,2026-08-24,中国中铁
000338,0.336774726262461,26.99,2026-08-24,潍柴动力
002236,0.3351068335557738,16.1,2026-08-24,大华股份
000063,0.3346477275876581,33.13,2026-08-24,中兴通讯
000938,0.3325911462117516,34.49,2026-08-24,紫光股份
601138,0.3321874098730088,60.4,2026-08-24,工业富联
600887,0.32644714571245914,25.84,2026-08-24,伊利股份
600221,0.32410110313938933,1.3,2026-08-24,海航控股
600027,0.3239025554713561,4.55,2026-08-24,华电国际
002600,0.32052524580464953,12.08,2026-08-24,领益智造
002463,0.31388600407534356,115.57,2026-08-24,沪电股份
688521,0.3100865258686171,168.66,2026-08-24,芯原股份
000333,0.3057766412624238,85.99,2026-08-24,美的集团
002371,0.3044086407815657,707.9,2026-08-24,北方华创
601788,0.29476820229579254,14.25,2026-08-24,光大证券
600009,0.2914460672157068,23.17,2026-08-24,上海机场
601100,0.28908709448923736,105.11,2026-08-24,恒立液压
300502,0.28747675327271044,412.0,2026-08-24,新易盛
601985,0.2769482502077354,8.77,2026-08-24,中国核电
600029,0.2760800450109789,5.03,2026-08-24,南方航空
601059,0.27191442652885556,16.53,2026-08-24,信达证券
600588,0.2704746067361662,10.13,2026-08-24,用友网络
603260,0.2697505062553574,33.63,2026-08-24,合盛硅业
688183,0.2674252131534663,102.3,2026-08-24,生益电子
600372,0.26647346556881896,10.82,2026-08-24,中航机载
003816,0.2609617692209236,3.88,2026-08-24,中国广核
300628,0.25678919403692546,42.18,2026-08-24,亿联网络
601857,0.25483414434315793,11.17,2026-08-24,中国石油
600233,0.25403068379808913,17.3,2026-08-24,圆通速递
001391,0.25177052902467817,4.09,2026-08-24,国货航
601899,0.2514342684319546,34.54,2026-08-24,紫金矿业
600050,0.24707563904601101,4.25,2026-08-24,中国联通
600219,0.246709246912265,4.8,2026-08-24,南山铝业
601318,0.24437755839030983,54.92,2026-08-24,中国平安
301269,0.23982418795980637,91.25,2026-08-24,华大九天
600176,0.23780397160081737,39.87,2026-08-24,中国巨石
000301,0.2363901356195847,13.34,2026-08-24,东方盛虹
000977,0.23123111267942317,73.22,2026-08-24,浪潮信息
601225,0.22667454915188157,26.5,2026-08-24,陕西煤业
000568,0.20172513126959415,85.51,2026-08-24,泸州老窖
600188,0.2011654078818273,21.83,2026-08-24,兖矿能源
600115,0.20012052195963825,3.48,2026-08-24,中国东航
300418,0.1928299887884167,40.54,2026-08-24,昆仑万维
002050,0.18760941302168246,35.71,2026-08-24,三花智控
600926,0.1850927339106269,16.82,2026-08-24,杭州银行
600048,0.18243683960388057,5.06,2026-08-24,保利发展
600795,0.18070801223026225,5.16,2026-08-24,国电电力
601288,0.17980314271151127,6.86,2026-08-24,农业银行
600019,0.17973561270613017,5.86,2026-08-24,宝钢股份
600918,0.17584231166384615,5.59,2026-08-24,中泰证券
600519,0.1720323775462017,1304.66,2026-08-24,贵州茅台
601136,0.1691208693151408,13.7,2026-08-24,首创证券
601066,0.16602428641980913,24.79,2026-08-24,中信建投
601117,0.16286937054381334,7.5,2026-08-24,中国化学
600760,0.1582341066161788,45.06,2026-08-24,中航沈飞
603392,0.1550021650255267,28.09,2026-08-24,万泰生物
000625,0.1502198739644467,7.05,2026-08-24,长安汽车
600028,0.14688071643211864,5.33,2026-08-24,中国石化
002230,0.14321707850540324,38.93,2026-08-24,科大讯飞
000651,0.14287957833966594,41.45,2026-08-24,格力电器
300413,0.1406924119909978,13.98,2026-08-24,芒果超媒
600436,0.1386331321017931,123.76,2026-08-24,片仔癀
600547,0.1373837202513544,36.5,2026-08-24,山东黄金
600015,0.13671049754917153,6.85,2026-08-24,华夏银行
300033,0.13505580472086076,216.72,2026-08-24,同花顺
000895,0.13471271346205269,25.38,2026-08-24,双汇发展
600690,0.13279578939263542,20.94,2026-08-24,海尔智家
601012,0.13030741864836887,12.15,2026-08-24,隆基绿能
300014,0.12638957579646043,55.82,2026-08-24,亿纬锂能
001979,0.1262339570080747,7.24,2026-08-24,招商蛇口
601088,0.11395716809049562,46.89,2026-08-24,中国神华
601377,0.11338765841627521,5.81,2026-08-24,兴业证券
600023,0.11264419551532495,4.86,2026-08-24,浙能电力
600000,0.10996556751666248,9.22,2026-08-24,浦发银行
600025,0.10884066787925285,9.68,2026-08-24,华能水电
601077,0.10687478520316007,7.04,2026-08-24,渝农商行
600941,0.10406604636098758,97.53,2026-08-24,中国移动
601601,0.10049344216307748,31.03,2026-08-24,中国太保
600018,0.09923142762995983,5.24,2026-08-24,上港集团
601901,0.09180385885144018,6.65,2026-08-24,方正证券
600905,0.0906145594569458,3.7,2026-08-24,三峡能源
601633,0.09028431307194858,15.21,2026-08-24,长城汽车
002202,0.08552389791745167,18.3,2026-08-24,金风科技
300274,0.08458263444792484,111.5,2026-08-24,阳光电源
600570,0.08138766736430586,21.14,2026-08-24,恒生电子
302132,0.08057020299866058,56.7,2026-08-24,中航成飞
600900,0.07761409488357976,28.15,2026-08-24,长江电力
688506,0.07602319788212357,264.98,2026-08-24,百利天恒
600919,0.07592519374401481,12.13,2026-08-24,江苏银行
600674,0.07238455836749023,15.59,2026-08-24,川投能源
600515,0.07041680817094671,2.75,2026-08-24,海南机场
601618,0.06876481538284995,2.56,2026-08-24,中国中冶
000002,0.06826676748010152,3.05,2026-08-24,万科A
300498,0.06727344196942421,13.66,2026-08-24,温氏股份
600183,0.06669191192300561,126.3,2026-08-24,生益科技
601018,0.06667496423068879,3.43,2026-08-24,宁波港
601800,0.06582694430790242,5.87,2026-08-24,中国交建
600030,0.0653116146785097,27.27,2026-08-24,中信证券
688111,0.0645905553579016,233.3,2026-08-24,金山办公
002594,0.0630385077978292,90.66,2026-08-24,比亚迪
002736,0.058318178019099706,9.83,2026-08-24,国信证券
600845,0.055852064335762217,17.15,2026-08-24,宝信软件
601825,0.05550821566894505,8.91,2026-08-24,沪农商行
601881,0.053912746104741366,12.03,2026-08-24,中国银河
600809,0.05085200367139993,117.1,2026-08-24,山西汾酒
601816,0.05081265882368128,4.91,2026-08-24,京沪高铁
688072,0.04583382927676364,684.13,2026-08-24,拓荆科技
601229,0.045592720276720004,9.87,2026-08-24,上海银行
300803,0.04437817162436221,80.26,2026-08-24,指南针
600438,0.04111784553767961,12.12,2026-08-24,通威股份
002074,0.04038738810894709,27.17,2026-08-24,国轩高科
002311,0.03773983238578608,46.3,2026-08-24,海大集团
000166,0.03573580020899209,4.44,2026-08-24,申万宏源
002714,0.03508995981559033,38.83,2026-08-24,牧原股份
601186,0.034707165613396526,6.03,2026-08-24,中国铁建
601360,0.03422142168401481,8.57,2026-08-24,三六零
600085,0.03298352630747718,23.78,2026-08-24,同仁堂
300866,0.03248436355233931,115.43,2026-08-24,安克创新
300059,0.03229464230088154,18.92,2026-08-24,东方财富
601818,0.030996236661651733,3.07,2026-08-24,光大银行
601169,0.0309805418251944,5.17,2026-08-24,北京银行
002304,0.02633317204593725,39.05,2026-08-24,洋河股份
600585,0.02519273928155366,17.57,2026-08-24,海螺水泥
601238,0.024653483458810323,5.12,2026-08-24,广汽集团
601009,0.022844571157391493,11.78,2026-08-24,南京银行
300015,0.022453253608101773,8.34,2026-08-24,爱尔眼科
002142,0.020026924368129452,33.9,2026-08-24,宁波银行
000858,0.0197070241486334,71.48,2026-08-24,五 粮 液
600930,0.01942360384377411,3.96,2026-08-24,华电新能
300760,0.01867818365230674,158.68,2026-08-24,迈瑞医疗
000807,0.01799021852994499,26.29,2026-08-24,云铝股份
601916,0.017920891752633557,2.95,2026-08-24,浙商银行
600016,0.01771907619430126,3.51,2026-08-24,民生银行
601888,0.0173268840801701,52.06,2026-08-24,中国中免
688472,0.01723994932919166,10.25,2026-08-24,阿特斯
601456,0.016943479205091837,8.74,2026-08-24,国联民生
000708,0.016463655666969276,13.94,2026-08-24,中信特钢
601166,0.015549904767577056,18.28,2026-08-24,兴业银行
601688,0.009754403163727369,18.64,2026-08-24,华泰证券
000596,0.009245388450398361,90.65,2026-08-24,古井贡酒
600958,0.008347131996977388,8.93,2026-08-24,东方证券
601319,0.006374133406964438,7.04,2026-08-24,中国人保
601127,0.003202163950436111,49.75,2026-08-24,赛力斯
600104,0.0020742277722877716,10.19,2026-08-24,上汽集团
